GSE,UID,n_samples,title,date,gdstype,tumor_pct,summary,category,reason,exclude_features,sample_example
GSE260997,200260997,2458,Mutant IDH inhibitors induce lineage differentiation in IDH-mutant Oligodendrogl,2024/05/01,Expression profiling by high throughput sequencing,0.0,"A subset of patients with IDH-mutant glioma respond to inhibitors of mutant IDH (IDHi), yet the molecular underpinnings of such responses are not unde",D,样本标题/摘要无特征词,-,"BWH20-P3-G10, Smart-seq2"
GSE168004,200168004,1595,Cancer - immune cell interactions drive transitions to mesenchymal-like states i,2021/04/23,Expression profiling by high throughput sequencing,0.0,"To understand the diversity of expression states in model systems of Glioblastomas, we profiled 949 single cells from 13 mice at different timepoints ",A?,摘要含瘤种词(样本标题无特征),-,GBM11_batch_352
GSE57872,200057872,875,Single cell RNA-seq of primary human glioblastomas,2014/06/12,Expression profiling by high throughput sequencing,0.0,We report transcriptomes from 430 single glioblastoma cells isolated from 5 individual tumors and 102 single cells from gliomasphere cells lines gener,C,单细胞/空间数据,-,Single cell mRNA-seq_MGH26_H12
GSE156902,200156902,804,Tumor-educated platelet RNA for the detection and (pseudo)progression monitoring,2020/10/22,Expression profiling by high throughput sequencing,29.9,"We report RNA-sequencing data of 805 blood platelet samples, including 240 tumor-educated platelet (TEP) samples collected from patients with glioblas",B,非目标瘤种/类型(液体活检/血液=804),液体活检/血液=804,Blood_Platelets_HC0385 [VUMC-HC-0385-TR2640]
GSE100351,200100351,579,The DNA methylation landscape of glioblastoma disease progression shows extensiv,2018/06/20,Methylation profiling by high throughput sequencing; Express,94.5,"Glioblastoma is characterized by widespread genetic and transcriptional heterogeneity, yet little is known about the role of the epigenome in glioblas",A,瘤种词样本94%,-,RRBS Glioblastoma patient pat_178 Surg.1 FFPE
GSE293560,200293560,402,Illumina Infinium MethylationEPIC data for Glioma,2025/04/04,Methylation profiling by genome tiling array,0.0,Methylation profiling by Illumina Infinium MethylationEPIC microarray of glioma subjects,E2,非表达谱技术(非表达谱;甲基化),-,206537470103_R03C01 Methylation
GSE119776,200119776,384,CHROMATIN LANDSCAPES REVEAL DEVELOPMENTALLY ENCODED TRANSCRIPTIONAL STATES THAT ,2019/03/18,Genome binding/occupancy profiling by high throughput sequen,0.0,This SuperSeries is composed of the SubSeries listed below.,B,非目标瘤种/类型(细胞系/处理实验=171),细胞系/处理实验=171,GSC12
GSE121723,200121723,364,Glioblastoma epigenome profiling identifies SOX10 as a master regulator of molec,2018/11/05,Genome binding/occupancy profiling by high throughput sequen,0.0,This SuperSeries is composed of the SubSeries listed below.,B,非目标瘤种/类型(细胞系/处理实验=28),细胞系/处理实验=28,AK217 [tumor methylation microarray]
GSE167806,200167806,298,ChIP-seq and RNA-seq data for Glioma,2022/09/22,Expression profiling by high throughput sequencing; Genome b,0.0,This SuperSeries is composed of the SubSeries listed below.,D,样本标题/摘要无特征词,-,sample 3269 K4me1
GSE68086,200068086,285,"RNA-seq of tumor-educated platelets enables blood-based pan-cancer, multiclass a",2015/10/30,Expression profiling by high throughput sequencing,0.0,"We report RNA-sequencing data of 283 blood platelet samples, including 228 tumor-educated platelet (TEP) samples collected from patients with six diff",B,非目标瘤种/类型(液体活检/血液=285),液体活检/血液=285; 其他癌种=39,Blood_Platelets_CRC-459
GSE107559,200107559,270,Ivy Glioblastoma Atlas Project (RNA-Seq),2017/12/01,Expression profiling by high throughput sequencing,0.0,"The Ivy Glioblastoma Atlas Project (Ivy GAP) is a detailed anatomically based transcriptomic atlas of human glioblastoma tumors.  As collaborators, th",B,非目标瘤种/类型(其他癌种=148),其他癌种=148,CSCC_CTpnz-PI3_W22-1-1-H.03
GSE200146,200200146,249,Restoring Tumor Immunogenicity with Dendritic Cell Reprogramming [human RNA-Seq],2023/07/07,Expression profiling by high throughput sequencing,0.0,Decreased antigen presentation contributes to the ability of cancer cells to evade the immune system. We used the minimal gene regulatory network of t,B,非目标瘤种/类型(细胞系/处理实验=249),细胞系/处理实验=249,888-MEL d9 CD45+HLA-DR+ rep4
GSE318645,200318645,226,Dual Immune Checkpoint Blockade Induces Distinct Systemic and Intratumoral Immun,2026/07/21,Expression profiling by high throughput sequencing,0.0,"We conducted a surgical window-of-opportunity trial (NCT04606316) in 63 patients with relapsed, resectable glioblastoma. Participants received either ",B,非目标瘤种/类型(液体活检/血液=179),液体活检/血液=179,"Patient 052,Baseline, PBMC, RNAseq"
GSE270126,200270126,219,Divergent medulloblastoma chromatin states disclose KDM2B as a selective depende,2026/06/22,Other; Expression profiling by high throughput sequencing,0.0,This SuperSeries is composed of the SubSeries listed below.,B,非目标瘤种/类型(细胞系/处理实验=32),细胞系/处理实验=32,D283_Day7_control_rep2
GSE264730,200264730,203,Mutant IDH1 inhibition induces dsDNA sensing to activate tumor immunity,2024/04/28,Expression profiling by high throughput sequencing; Methylat,0.0,This SuperSeries is composed of the SubSeries listed below.,B,非目标瘤种/类型(细胞系/处理实验=108),细胞系/处理实验=108,"RNA-seq, polyA RNA, 2205 in vivo, sgCgas, 6-d"
GSE290468,200290468,169,STAMP: Single-Cell Transcriptomics Analysis and Multimodal Profiling through Ima,2025/06/23,Other; Expression profiling by high throughput sequencing,0.0,This SuperSeries is composed of the SubSeries listed below.  PhenoCycler (protein) data is available at https://stjude.app.box.com/s/fg5e5r43heipjh6lc,D,样本标题/摘要无特征词,-,STAMP_82
GSE246931,200246931,164,Specific cPRC1 complexes are co-opted to mediate oncogenic gene repression in di,2025/05/28,Expression profiling by high throughput sequencing; Genome b,0.0,Diffuse midline glioma (DMG) is a fatal childhood brain tumour characterised primarily by mutant histone H3 (H3K27M). H3K27M causes a global reduction,B,非目标瘤种/类型(细胞系/处理实验=152),细胞系/处理实验=152,KO-MEL18-Rep1
GSE186599,200186599,160,TULIPs decorate the three-dimensional genome of PFA ependymoma,2024/07/05,Other; Genome binding/occupancy profiling by high throughput,0.0,"Hi-C and RNA-seq for a large cohort of pediatric brain tumors including ependymoma (PFA, PFB, Ste, spinal), medulloblastoma (G3, G4, SHH), high grade ",E2,非表达谱技术(非Expression类型;ChIP/结合),-,in-situ Hi-C library BT2018110
GSE217349,200217349,159,Rewiring of the promoter-enhancer interactome and regulatory landscape in gliobl,2023/09/12,Genome binding/occupancy profiling by high throughput sequen,87.4,"Glioblastoma (GBM) is the most aggressive of all primary brain tumours. Here, we perform a multi-omics approach to map the promoter-enhancer interacto",A,瘤种词样本87%,正常/非肿瘤组织=10; 细胞系/处理实验=35,"U3031, cells, GBM (H3K27Ac.ChIPseq)"
GSE290923,200290923,156,"CPI203, a BET inhibitor, down-regulates a consistent set of DNA synthesis genes ",2025/03/06,Expression profiling by high throughput sequencing,100.0,Introduction: Glioblastomas utilize malignant gene expression pathways to drive growth.  Many of these gene pathways are not directly accessible with ,A,瘤种词样本100%,-,RA-11 GBM G83 RNA-seq GSK591
GSE272042,200272042,153,Transcriptomics of FFPE-derived primary brain tumours,2025/01/15,Expression profiling by high throughput sequencing,0.0,Primary brain cancers are highly heterogeneous and include the most prevalent and aggressive glioblastomas. To understand the key factors underlying b,A?,摘要含瘤种词(样本标题无特征),-,Sample 12
GSE154043,200154043,143,A Molecular Signature associated with prolonged survival in Glioblastoma patient,2020/12/31,Expression profiling by high throughput sequencing; Non-codi,0.0,This SuperSeries is composed of the SubSeries listed below.,D,样本标题/摘要无特征词,-,"Lomustine, 142_05 (miRNA-seq)"
GSE222398,200222398,134,Patch-seq of human patient-derived diffuse midline glioma xenografts,2023/03/01,Expression profiling by high throughput sequencing,0.0,Treatment-resistance of lethal high-grade brain tumors including H3K27M diffuse midline gliomas is thought to arise in part from transcriptional and e,D,样本标题/摘要无特征词,-,X65.1
GSE228100,200228100,124,LOGGIC Core BioClinical Data Bank: Added clinical value of RNA-Seq in an interna,2023/11/15,Methylation profiling by genome tiling array,0.0,We compared gene panel sequencing and DNA methylation analysis with RNA sequencing results from 125 patients. We could demonstrate improvement of diag,E2,非表达谱技术(非表达谱;甲基化),其他癌种=124,CNS-tumor_pediatric-LGG_10826
GSE228512,200228512,116,Extracellular vesicle-based cancer panels diagnose glioblastomas with high sensi,2023/08/21,Expression profiling by high throughput sequencing,0.0,This study focused on the development of serum extracellular vesicle (EV)-based glioblastoma tumor marker panels that can be used in the clinic to dia,A?,摘要含瘤种词(样本标题无特征),-,preop_P69
GSE147780,200147780,114,H3K27M in Gliomas Causes a One-step Decrease in H3K27 Methylation and Reduced Sp,2020/11/17,Genome binding/occupancy profiling by high throughput sequen,0.0,The discovery of H3K27M mutations in pediatric gliomas marked a new chapter in cancer epigenetics. Numerous studies have investigated the effect of th,E2,非表达谱技术(非Expression类型;ChIP/结合),细胞系/处理实验=8,BT245-KO2_Input
GSE174554,200174554,113,A single cell atlas of human glioma under therapy,2022/07/05,Expression profiling by high throughput sequencing; Other,74.3,"Most clinical trials for glioblastoma (GBM) enroll patients at recurrence. However, most pre-clinical animal models are of primary disease. Most studi",C,单细胞/空间数据,-,SF6621_spatial_proteomics
GSE72951,200072951,112,Identification of recurrent GBM patients that may benefit from Bevacizumab and C,2016/01/19,Expression profiling by array,0.0,The results from the randomized phase II BELOB trial provided evidence for a potential benefit of bevacizumab (beva; a humanized monoclonal antibody a,A?,摘要含瘤种词(样本标题无特征),-,B147_1022329.125 [Sample 46]
GSE260452,200260452,111,Single-cell multidimensional profiling of tumor cell heterogeneity in supratento,2025/12/09,Expression profiling by high throughput sequencing; Other,0.0,This SuperSeries is composed of the SubSeries listed below.,D,样本标题/摘要无特征词,-,STEPN-51_Region_4
GSE188625,200188625,110,Multi-omic analysis of cell-of-origin and epigenomic state in pediatric H3K27M g,2022/06/27,Expression profiling by high throughput sequencing; Genome b,0.0,It is not known whether midline pediatric gliomas driven by Histone 3 K27M mutations (oncohistones) or EZHIP expression (oncohistone-mimics) share a c,D,样本标题/摘要无特征词,-,DIPGXIII-ko-c5p32-H3-1WT-p6-Rx_Input
GSE255626,200255626,109,Next generation sequencing from primary glioblastoma patient tissues (Total RNA-,2026/01/21,Expression profiling by high throughput sequencing,100.0,"To investigate transcriptome landscape in primary GBM, we performed total RNA-seq using 72 tumor tissues from 52 patients with primary GBM.",A,瘤种词样本100%,正常/非肿瘤组织=6,primary GBM patient 90
GSE205245,200205245,105,H3K27me3 spreading organizes canonical PRC1 chromatin architecture to regulate d,2026/03/09,Genome binding/occupancy profiling by high throughput sequen,0.0,Polycomb Repressive Complex 2 (PRC2) deposits H3K27me3 to recruit canonical PRC1 (cPRC1) that establishes repressive heterochromatin. Higher order cPR,E2,非表达谱技术(非Expression类型;ChIP/结合),正常/非肿瘤组织=23,"DIPGXIII, K27M, CTCF"
GSE276176,200276176,101,Divergence from the human astrocyte developmental trajectory in glioblastoma [bu,2024/10/31,Expression profiling by high throughput sequencing,0.0,Glioblastoma (GBM) is defined by heterogenous and resilient cell populations that closely reflect neurodevelopmental cell types. While it is clear tha,B,非目标瘤种/类型(细胞系/处理实验=30),细胞系/处理实验=30,"Bulk RNA-seq, line C4.1, Doxycycline control"
GSE173278,200173278,99,Single-cell landscapes of primary glioblastomas and matched organoids and cell l,2022/02/16,Expression profiling by high throughput sequencing,0.0,Glioblastomas (GBMs) are aggressive primary malignant brain tumors characterized by extensive levels of inter- and intra-tumor genetic and phenotypic ,C,单细胞/空间数据,-,JK152_reg2_btic_1 [scRNA-seq]
GSE119834,200119834,98,CHROMATIN LANDSCAPES REVEAL DEVELOPMENTALLY ENCODED TRANSCRIPTIONAL STATES THAT ,2019/03/18,Expression profiling by high throughput sequencing,0.0,Glioblastoma is an incurable brain cancer characterized by high genetic and pathological heterogeneity. Here we mapped active chromatin landscapes wit,B,非目标瘤种/类型(细胞系/处理实验=44),细胞系/处理实验=44,GBM53 [RNA-Seq]
GSE162976,200162976,94,Epigenomic Landscape and 3D Genome Structure in Pediatric High-Grade Glioma,2021/06/03,Expression profiling by high throughput sequencing; Genome b,0.0,"Pediatric high-grade gliomas (pHGGs), including glioblastoma multiforme (GBM) and diffuse intrinsic pontine glioma (DIPG), are highly morbid childhood",B,非目标瘤种/类型(细胞系/处理实验=33),其他癌种=14; 细胞系/处理实验=33,SF9427-H3K27AC Rep 1
GSE290466,200290466,92,STAMP: Single-Cell Transcriptomics Analysis and Multimodal Profiling through Ima,2025/06/23,Other,0.0,"Single-cell RNA sequencing (scRNA-seq) has revolutionized our understanding of cellular diversity, but remains constrained by scalability, high costs,",E2,非表达谱技术(非表达谱),-,STAMP_28
GSE59612,200059612,92,MRI-localized biopsies reveal subtype-specific differences in molecular and cell,2014/07/22,Expression profiling by high throughput sequencing,0.0,We obtained radiographically-localized biopsies during glioma resection surgeries to sample the tumor core and margins from multiple glioma patients. ,D,样本标题/摘要无特征词,-,PC53
GSE145644,200145644,88,Enhancer profiling of glioblastoma uncovers core oncogenic dependency and therap,2021/05/05,Genome binding/occupancy profiling by high throughput sequen,0.0,"Here, by mapping H3K27ac deposition, we analyze the active regulatory landscapes across primary GBM biopsies, normal brain tissues, and cell line coun",E2,非表达谱技术(非Expression类型;ChIP/结合),-,GBM17_H3K27ac
GSE72468,200072468,87,EGFR Mutation Promotes Glioblastoma Through Epigenome and Transcription Factor N,2015/09/14,Expression profiling by high throughput sequencing; Genome b,0.0,"Epidermal Growth Factor Receptor (EGFR) gene amplification and mutations are the most common oncogenic events in Glioblastoma (GBM), but the mechanism",B,非目标瘤种/类型(细胞系/处理实验=46),细胞系/处理实验=46,ChIPseq_U87_withFBS_H3K4me3.FL072
GSE141945,200141945,85,RNA-seq of Glioblastoma Tumors and GBOs,2019/12/26,Expression profiling by high throughput sequencing,0.0,Analysis of glioblastoma tissue and corresponding glioblastoma organoids by RNA sequencing.,A?,摘要含瘤种词(样本标题无特征),-,7788ANT_4wk
GSE165595,200165595,82,Genome-wide perturbations of Alu expression and Alu-associated post-transcriptio,2021/01/27,Expression profiling by high throughput sequencing,0.0,Alu is a primate-specific repeat element in the human genome and has been increasingly appreciated as a regulatory element in many biological processe,D,样本标题/摘要无特征词,-,N32
GSE296212,200296212,80,LINE-1 locus transcription nucleates oncogenic chromatin architecture [RNA-Seq],2025/12/17,Expression profiling by high throughput sequencing,0.0,"Retrotransposons are a prolific class of genomic parasites frequently upregulated in human cancers, where their spontaneous mobility can generate inse",D,样本标题/摘要无特征词,-,T47D_SCR_ASO_RNA_rep3
GSE222515,200222515,80,EGFR pathway expression persists in recurrent glioblastoma independent of amplif,2023/01/25,Expression profiling by high throughput sequencing,100.0,Background: Glioblastoma mortality is driven by tumour progression or recurrence despite administering a therapeutic arsenal consisting of surgical re,A,瘤种词样本100%,-,"GBM, Recurrent, Patient 14"
GSE79338,200079338,75,The Glioma-Infiltrating T Cell Receptor Repertoire,2016/05/18,Expression profiling by high throughput sequencing; Other,0.0,"While immune signaling has emerged as a defining feature of the glioma microenvironment, local selection of responding T cells and their anti-tumor po",D,样本标题/摘要无特征词,-,TCR67A.BC2
GSE223607,200223607,74,Hypoxic tumors are sensitive to FLASH radiotherapy,2024/01/24,Expression profiling by high throughput sequencing,0.0,"Purpose: Tumor hypoxia is a major cause of treatment resistance, especially to radiation therapy at conventional dose rate (CONV), and we wanted to as",A?,摘要含瘤种词(样本标题无特征),-,"Tumor, CONV-RT physioxia, late, biol rep 3"
GSE167805,200167805,74,RNA-seq data for Glioma,2022/09/22,Expression profiling by high throughput sequencing,0.0,"We profiled glioma samples to determine the RNA expression patterns relative to different molecular markers, as well as different germline alterations",D,样本标题/摘要无特征词,-,sample 3105 count
GSE242992,200242992,72,Transcriptomic and epigenetic dissection of spinal ependymomas (SP-EPN) identifi,2024/01/26,Expression profiling by high throughput sequencing,0.0,"Background: Ependymomas encompass multiple, clinically relevant tumor types based on localization and molecular profiles. Although tumors of the methy",D,样本标题/摘要无特征词,-,RNA_S4142Nr15
GSE154041,200154041,71,A Molecular Signature associated with prolonged survival in Glioblastoma patient,2020/12/31,Expression profiling by high throughput sequencing,0.0,Background: Patients with glioblastoma (GBM) have a dramatically poor prognosis. The recent REGOMA trial suggested an overall survival benefit of rego,A?,摘要含瘤种词(样本标题无特征),-,"Regorafenib, 136_22 (RNA-seq)"
GSE163044,200163044,70,Regional identity of human neural stem cells determines oncogenic responses to h,2021/03/24,Expression profiling by high throughput sequencing,8.6,Point mutations within the histone H3.3 are frequent in aggressive childhood brain tumours known as paediatric high-grade gliomas (pHGGs). Intriguingl,B,非目标瘤种/类型(细胞系/处理实验=47),正常/非肿瘤组织=17; 细胞系/处理实验=47,Peadiatric glioblastoma cell G34R KO rep1
GSE156619,200156619,69,Epigenetic Landscape of Pediatric Ependymoma Recurrence,2022/07/12,Expression profiling by high throughput sequencing; Methylat,0.0,"Pediatric ependymoma has relatively low frequencies of DNA mutations, which suggest that epigenetics may drive tumors. However, the epigenetic mechani",D,样本标题/摘要无特征词,-,RNA-seq_PFA2-R1
GSE154958,200154958,64,Comparative analysis of glioblastoma initiating cells and patient-matched EPSC-d,2021/09/17,Expression profiling by high throughput sequencing,0.0,"Malignant gliomas are the most common intrinsic brain tumours in adults and are associated with a very poor prognosis, which has not improved in the l",B,非目标瘤种/类型(正常/非肿瘤组织=6),正常/非肿瘤组织=6,GBM031_P4 [205149]
GSE121720,200121720,64,Glioblastoma epigenome profiling identifies SOX10 as a master regulator of molec,2018/11/05,Expression profiling by high throughput sequencing,0.0,"Glioblastomas in adult patients are classified into four subtypes, IDH, MES, RTK I, and RTK II, based on DNA-methylation and RNA-expression data. Tumo",A?,摘要含瘤种词(样本标题无特征),-,AK085 [tumor RNA-seq]
GSE271059,200271059,64,Spatial immune profiling defines a subset of human gliomas with functional terti,2025/10/02,Expression profiling by high throughput sequencing,0.0,"Adult-type diffuse gliomas, the most common primary brain tumors, respond poorly to immune-based therapies and are considered immunologically “cold” t",D,样本标题/摘要无特征词,-,PAT-357_P
GSE268776,200268776,64,Multi-omics approaches reveal that Diffuse Midline Gliomas are susceptible to re,2024/11/20,Expression profiling by high throughput sequencing,0.0,The fatal Diffuse Midline Gliomas (DMG) are characterized by an undruggable H3K27M mutation in H3.1 or H3.3. K27M impairs normal development by stalli,B,非目标瘤种/类型(细胞系/处理实验=64),细胞系/处理实验=64,"DIPG24 LS, rep2 (RNA-seq)"
GSE268775,200268775,64,Multi-omics approaches reveal that Diffuse Midline Gliomas are susceptible to re,2024/11/20,Other,0.0,The fatal Diffuse Midline Gliomas (DMG) are characterized by an undruggable H3K27M mutation in H3.1 or H3.3. K27M impairs normal development by stalli,E2,非表达谱技术(非表达谱),细胞系/处理实验=64,"DIPG21 S4, rep2 (Repli-seq)"
GSE237581,200237581,64,Dendritic Cell Vaccination in Conjunction with TLR Agonist Polarizes Interferon ,2023/10/11,Expression profiling by high throughput sequencing,0.0,This SuperSeries is composed of the SubSeries listed below.,D,样本标题/摘要无特征词,-,"Bulk RNA-seq PMBC, PostTx ATL-DC+Resiquimod 2"
GSE301112,200301112,63,STAMP: Single-Cell Transcriptomics Analysis and Multimodal Profiling through Ima,2025/06/30,Other,0.0,"Single-cell RNA sequencing (scRNA-seq) has revolutionized our understanding of cellular diversity, but remains constrained by scalability, high costs,",E2,非表达谱技术(非表达谱),-,STAMP_125
GSE291954,200291954,60,Inflammatory transcriptomic signatures in a human cellular NMOSD model reveal up,2025/10/01,Expression profiling by high throughput sequencing,0.0,Neuromyelitis optica spectrum disorder (NMOSD) is a rare neurological autoimmune disease caused autoantibodies targeting the astrocytic water channel ,A?,摘要含瘤种词(样本标题无特征),-,S48_HA E5415A+AC biol rep 3
GSE209772,200209772,60,DNMT and HDAC inhibition induces immunogenic neoantigens from human endogenous r,2023/08/22,Expression profiling by high throughput sequencing,0.0,"To investigate the effect of Decitabine and SB939 treatment on the expression of endoretroviral elements. We treated 9 cell lines with DMSO, Decitabin",B,非目标瘤种/类型(细胞系/处理实验=33),细胞系/处理实验=33,"OCI-AML3 cells, DAC+SB939, biol rep 1"
GSE285552,200285552,60,Digital transformation of herbal medicine: Conversion to biological entity data ,2026/05/14,Expression profiling by high throughput sequencing,0.0,This study aimed to identify transcript expression induced by Qi-related herbal medicines (QHM) and modes of action (MOA) of QHM in SW1783 cell line. ,B,非目标瘤种/类型(细胞系/处理实验=3),细胞系/处理实验=3,QHM_SW1783_BatchD_ethanol extract of Saposhni
GSE285551,200285551,60,Digital transformation of herbal medicine: Conversion to biological entity data ,2026/05/14,Expression profiling by high throughput sequencing,0.0,This study aimed to identify transcript expression induced by Qi-related herbal medicines (QHM) and modes of action (MOA) of QHM in SW1783 cell line. ,B,非目标瘤种/类型(细胞系/处理实验=3),细胞系/处理实验=3,QHM_SW1783_BatchC_ethanol extract of Longan A
GSE285550,200285550,60,Digital transformation of herbal medicine: Conversion to biological entity data ,2026/05/14,Expression profiling by high throughput sequencing,0.0,This study aimed to identify transcript expression induced by Qi-related herbal medicines (QHM) and modes of action (MOA) of QHM in SW1783 cell line. ,B,非目标瘤种/类型(细胞系/处理实验=3),细胞系/处理实验=3,QHM_SW1783_BatchB_water extract of Saengmaek-
GSE285549,200285549,60,Digital transformation of herbal medicine: Conversion to biological entity data ,2026/05/14,Expression profiling by high throughput sequencing,0.0,This study aimed to identify transcript expression induced by Qi-related herbal medicines (QHM) and modes of action (MOA) of QHM in SW1783 cell line. ,B,非目标瘤种/类型(细胞系/处理实验=3),细胞系/处理实验=3,QHM_SW1783_BatchA_Vehicle(DMSO)_rep2
GSE254455,200254455,60,Digital transformation of herbal medicine: Conversion to biological entity data ,2025/11/13,Expression profiling by high throughput sequencing,0.0,This study aimed to identify transcript expression induced by digestion-related herbal medicines (DHM) and modes of action (MOA) of DHM in SW1783 cell,B,非目标瘤种/类型(细胞系/处理实验=3),细胞系/处理实验=3,BatchD_ethanol extract of Bupleuri Radix (Low
GSE254452,200254452,60,Digital transformation of herbal medicine: Conversion to biological entity data ,2025/11/13,Expression profiling by high throughput sequencing,0.0,This study aimed to identify transcript expression induced by digestion-related herbal medicines (DHM) and modes of action (MOA) of DHM in SW1783 cell,B,非目标瘤种/类型(细胞系/处理实验=3),细胞系/处理实验=3,BatchB_water extract of Banhasasim-tang (Medi
GSE254450,200254450,60,Digital transformation of herbal medicine: Conversion to biological entity data ,2025/11/13,Expression profiling by high throughput sequencing,0.0,This study aimed to identify transcript expression induced by digestion-related herbal medicines (DHM) and modes of action (MOA) of DHM in SW1783 cell,B,非目标瘤种/类型(细胞系/处理实验=3),细胞系/处理实验=3,BatchA_water extract of Coptidis Rhizoma (Med
GSE245911,200245911,60,Digital transformation of herbal medicine: Conversion to biological entity data ,2024/06/21,Expression profiling by high throughput sequencing,0.0,This study aimed to identify transcript expression induced by tonifying herbal medicines (THM) and modes of action (MOA) of THM in A549 cell line. For,B,非目标瘤种/类型(正常/非肿瘤组织=9),正常/非肿瘤组织=9; 细胞系/处理实验=3,BatchF_ethanol extract of Sagunja-tang (Low d
GSE245910,200245910,60,Digital transformation of herbal medicine: Conversion to biological entity data ,2024/06/21,Expression profiling by high throughput sequencing,0.0,This study aimed to identify transcript expression induced by tonifying herbal medicines (THM) and modes of action (MOA) of THM in A549 cell line. For,B,非目标瘤种/类型(细胞系/处理实验=3),细胞系/处理实验=3,BatchE_ethanol extract of Glycyrrhizae Radix 
GSE245898,200245898,60,Digital transformation of herbal medicine: Conversion to biological entity data ,2024/06/21,Expression profiling by high throughput sequencing,0.0,This study aimed to identify transcript expression induced by tonifying herbal medicines (THM) and modes of action (MOA) of THM in A549 cell line. For,B,非目标瘤种/类型(正常/非肿瘤组织=9),正常/非肿瘤组织=9; 细胞系/处理实验=3,BatchB_water extract of Sagunja-tang (Low dos
GSE245896,200245896,60,Digital transformation of herbal medicine: Conversion to biological entity data ,2024/06/21,Expression profiling by high throughput sequencing,0.0,This study aimed to identify transcript expression induced by tonifying herbal medicines (THM) and modes of action (MOA) of THM in A549 cell line. For,B,非目标瘤种/类型(细胞系/处理实验=3),细胞系/处理实验=3,BatchA_water extract of Angelicae Gigantis Ra
GSE266389,200266389,60,Suppressing Aberrant Hedgehog Pathway and Overcoming Resistance to Smoothened An,2024/05/16,Expression profiling by high throughput sequencing,0.0,Aberrant activation of Hedgehog (Hh) signaling pathway plays important roles in both oncogenesis and targeted therapy of many cancers. The clinical ap,B,非目标瘤种/类型(细胞系/处理实验=60),细胞系/处理实验=60,"SmoWT-MB intracranial xenograft, rep1"
GSE254453,200254453,59,Digital transformation of herbal medicine: Conversion to biological entity data ,2025/11/13,Expression profiling by high throughput sequencing,0.0,This study aimed to identify transcript expression induced by digestion-related herbal medicines (DHM) and modes of action (MOA) of DHM in SW1783 cell,B,非目标瘤种/类型(细胞系/处理实验=3),细胞系/处理实验=3,BatchC_ethanol extract of Scutellariae Radix 
GSE254461,200254461,57,Machine-learning model based on glycosyltransferase expression predicts multiple,2024/02/03,Expression profiling by high throughput sequencing,0.0,"Whereas current tools for diagnosing cancer focus on identifying markers in limited types of the disease, such as the PAM50 kit known primarily for su",B,非目标瘤种/类型(其他癌种=34),其他癌种=34,"Breast Cancer tissue, BRCA_T7"
GSE272261,200272261,57,GABAergic neuronal lineage development determines clinically actionable targets ,2024/08/01,Expression profiling by high throughput sequencing,0.0,"Diffuse hemispheric gliomas, H3G34R/V-mutant (DHG-H3G34), are uniformly lethal malignancies lacking targeted therapies. These gliomas uniquely origina",B,非目标瘤种/类型(细胞系/处理实验=33),细胞系/处理实验=33,BT690_shRNA1_CDK6_rep2
GSE211074,200211074,57,CHD2 Regulates Neuron-glioma Interactions in Pediatric Glioma,2024/05/09,Expression profiling by high throughput sequencing; Other,0.0,"High-grade gliomas (HGG) are deadly diseases for both adult and pediatric patients. Recently, it has been shown that neuronal activity promotes the pr",B,非目标瘤种/类型(其他癌种=57),其他癌种=57; 细胞系/处理实验=38,SU-DIPG-IV_WT_H3K27me3_rep2
GSE304029,200304029,56,BRD2 Bromodomain-Mediated Regulation of Cell State Plasticity Modulates Therapy ,2025/11/17,Expression profiling by high throughput sequencing,0.0,"Background: Glioblastoma (GBM) displays remarkable cell state plasticity, a major contributor to therapeutic resistance and tumor progression. While e",B,非目标瘤种/类型(细胞系/处理实验=48),细胞系/处理实验=48,"GSC23 cells, BRD2_BD2_2"
GSE262089,200262089,56,Three-dimensional regulatory hubs support oncogenic programs in glioblastoma,2025/03/04,Expression profiling by high throughput sequencing; Genome b,0.0,This SuperSeries is composed of the SubSeries listed below.,B,非目标瘤种/类型(细胞系/处理实验=45),细胞系/处理实验=45,GSC 810- replicate1
GSE183194,200183194,56,circRNA and mRNA transcriptome of Human Daoy and HEPM cells in the context of He,2021/10/13,Expression profiling by high throughput sequencing; Non-codi,0.0,"Circular RNAs have largely emerged as novel regulators of human biology, including brain function and cancer development. On the other hand, the Hedge",B,非目标瘤种/类型(细胞系/处理实验=16),细胞系/处理实验=16,HEPM_11_m: mRNA-SAG-3
GSE300150,200300150,55,Single-cell multidimensional profiling of tumor cell heterogeneity in supratento,2025/12/09,Expression profiling by high throughput sequencing,0.0,"Supratentorial ependymomas (ST-EPNs) are aggressive and treatment-resistant pediatric brain tumors that form along the human cortex, with suspected or",B,非目标瘤种/类型(非人类模型=3),非人类模型=3,STEPN-30 (SMART-Seq2)
GSE239854,200239854,55,Single nuclei RNA-seq profiles from medulloblastoma tumors with extensive nodula,2023/10/26,Expression profiling by high throughput sequencing; Methylat,0.0,This SuperSeries is composed of the SubSeries listed below.,D,样本标题/摘要无特征词,-,135714_INTER
GSE225491,200225491,54,Cooperativity between H3-K27M and PDGFRA poses multiple therapeutic vulnerabilit,2026/03/01,Expression profiling by high throughput sequencing,0.0,PDGFRA and H3.3 mutations cooperate in an iPSC-based model of diffuse midline glioma to alter tumor biology.,D,样本标题/摘要无特征词,-,A_42
GSE227803,200227803,54,Genome-wide activation of a glioma cancerous transcription program and super-enh,2023/03/31,Genome binding/occupancy profiling by high throughput sequen,0.0,A growing number of studies describe multiple functions of lncRNAs in chromatin that support their active roles in normal and disease-specific gene ex,E2,非表达谱技术(非Expression类型;ChIP/结合),细胞系/处理实验=18,EZH2_ChIPseq__CRISPRa_24h_premature_HOXDeRNA_
GSE122832,200122832,53,Glioblastoma initiating cells are sensitive to histone demethylase inhibition du,2020/03/02,Expression profiling by high throughput sequencing; Genome b,0.0,Cancer stem cells are characterized by their self-renewal properties and their ability to regenerate a tumor. They have chromatin features that are re,B,非目标瘤种/类型(细胞系/处理实验=8),细胞系/处理实验=8,NCH644_KDM4C_sh1_dox_RNA
GSE143940,200143940,52,RNAseq of a cohort series of 52 pediatric MBs in Taiwan,2022/05/18,Expression profiling by high throughput sequencing,0.0,"Background: Since 2016, a project for molecular diagnosis of childhood medulloblastoma (MB) was initiated in Taiwan. We aimed to integrate molecular c",D,样本标题/摘要无特征词,-,T3654
GSE276101,200276101,50,Divergence from the human astrocyte developmental trajectory in glioblastoma [bu,2024/10/31,Genome binding/occupancy profiling by high throughput sequen,0.0,Glioblastoma (GBM) is defined by heterogenous and resilient cell populations that closely reflect neurodevelopmental cell types. While it is clear tha,E2,非表达谱技术(非Expression类型;ChIP/结合),-,"Bulk ATAC-seq, GBM31, tumor"
GSE167300,200167300,50,"Systematic comparative analysis of strand-specific, cost-effective, RNA-seq libr",2021/02/23,Other,0.0,"Despite the precipitous decline in the cost of genome sequencing over the last few years, library preparation for RNA-seq is still laborious and expen",E2,非表达谱技术(非表达谱),-,100_ng_U019_SR
GSE269909,200269909,50,Divergent medulloblastoma chromatin states disclose KDM2B as a selective depende,2026/06/26,Expression profiling by high throughput sequencing,0.0,Medulloblastoma (MB) is a biologically heterogeneous childhood cerebellar tumor harboring frequent chromatin-modifying gene alterations. How these alt,D,样本标题/摘要无特征词,-,DMB006_control_rep1_batch2
GSE227804,200227804,50,Genome-wide activation of a glioma cancerous transcription program and super-enh,2023/03/31,Other,0.0,A growing number of studies describe multiple functions of lncRNAs in chromatin that support their active roles in normal and disease-specific gene ex,E2,非表达谱技术(非表达谱),细胞系/处理实验=26,ChiRP_NHA_HOXDeRNA_activated_siRNA_EZH2_LacZ
GSE185280,200185280,50,Epigenome programming by H3.3K27M mutation creates a dependence of pediatric gli,2022/09/02,Expression profiling by high throughput sequencing; Genome b,0.0,"Patients with diffuse midline gliomas-H3K27-altered (DMG) display a dismal prognosis. However, the molecular mechanisms underlying DMG tumorigenesis r",B,非目标瘤种/类型(细胞系/处理实验=4),细胞系/处理实验=4,DIPG17_H33K27M
GSE263588,200263588,49,Comprehensive transcriptomic profiling of glioblastoma patient-derived primary t,2024/04/14,Expression profiling by high throughput sequencing,91.8,Glioblastoma multiforme (GBM) is a highly aggressive primary brain cancer with significant transcriptomic heterogeneity among patients. Our study aims,E,瘤种词92%但细胞系/处理主导(45),正常/非肿瘤组织=4; 细胞系/处理实验=45,Patient-derived GBM cell line-18
GSE106810,200106810,49,LINE-2 transposable elements are a source of functional human microRNAs and targ,2019/01/23,Non-coding RNA profiling by high throughput sequencing; Expr,63.3,"Transposable elements (TEs) are dynamically expressed at high levels in multiple human tissues, but the function of TE-derived transcripts remains lar",A?,瘤种词样本63%,正常/非肿瘤组织=11; 非人类模型=3,Glioblastoma_AGO1RIP_B10_smallRNA
GSE199362,200199362,49,The clinical and molecular characteristics of progressive hypothalamic/optic pat,2022/12/21,Methylation profiling by genome tiling array; Expression pro,0.0,This SuperSeries is composed of the SubSeries listed below.,D,样本标题/摘要无特征词,-,HR32 (RNA-seq)
GSE290825,200290825,48,Metabolic Profiling of Adult and Pediatric Gliomas Reveals Enriched Glucose Avai,2025/03/19,Expression profiling by high throughput sequencing,54.2,Gliomas are the most common primary brain tumors and a major source of mortality and morbidity in adults and children. Recent genomic studies have ide,A?,瘤种词样本54%,其他癌种=9,2101-Pilocytic astrocytoma
GSE249544,200249544,48,Phenotypical states modulate sensitivity and transcriptional reprogramming in pa,2024/03/25,Expression profiling by high throughput sequencing,0.0,"Differential molecular response involving epigenetic, transcriptomic and proteomic adaptstions of glioblastoma cancer stem-like cells and serum differ",B,非目标瘤种/类型(细胞系/处理实验=12),细胞系/处理实验=12,SDCHF2303TMZ_a
GSE224952,200224952,48,The gene expression signature of electrical stimulation in the human brain,2023/02/13,Expression profiling by high throughput sequencing; Genome b,0.0,"Direct electrical stimulation (eSTIM) is widely used clinically, from neurosurgical mapping to therapeutic interventions for neurological and neuropsy",D,样本标题/摘要无特征词,-,"bulk, baseline, E8, RNA"
GSE158550,200158550,48,BRD8 maintains glioblastoma by epigenetic reprogramming of the P53 network [RNA-,2022/09/16,Expression profiling by high throughput sequencing,0.0,Transcriptome analysis by high throughput sequencing,B,非目标瘤种/类型(细胞系/处理实验=44),细胞系/处理实验=44,sgNeg3_R1
GSE98128,200098128,48,Mapping the chemotherapy-induced RNA interactome in Glioblastoma,2019/04/24,Expression profiling by high throughput sequencing; Non-codi,0.0,This SuperSeries is composed of the SubSeries listed below.,D,样本标题/摘要无特征词,-,SAB-13 (smallRNA-Seq)
GSE97632,200097632,48,Methylation DNA mediated KLF4 binding activity in glioblastoma cells,2017/05/27,Expression profiling by high throughput sequencing; Genome b,0.0,"RNA-seq, ChIP seq and Whole genome bisulfite seq for KLF4-mCpG binding in GBM cells",B,非目标瘤种/类型(细胞系/处理实验=33),细胞系/处理实验=33,RNA-seq WT+DOX 48h rep1
GSE323995,200323995,48,CReP-mediated control of eIF2a phosphorylation is a central node in high-risk me,2026/07/21,Expression profiling by high throughput sequencing,0.0,Medulloblastoma (MB) is the most common malignant pediatric brain tumor. The MYC‑amplified group 3 (G3) MB represents a high‑risk disease lacking effe,B,非目标瘤种/类型(细胞系/处理实验=32),细胞系/处理实验=32,D425_ShCTL_4
GSE237562,200237562,48,Dendritic Cell Vaccination in Conjunction with TLR Agonist Polarizes Interferon ,2023/10/11,Expression profiling by high throughput sequencing,0.0,"Autologous tumor lysate-pulsed dendritic cell (ATL-DC) vaccination is a promising immunotherapy for patients with high grade gliomas, but responses ha",D,样本标题/摘要无特征词,-,"Bulk RNA-seq PMBC, PostTx ATL-DC+PolyICLC 10"
GSE232283,200232283,47,H2A.Z histone variants facilitate HDACi-dependent removal of H3.3K27M mutant pro,2024/05/01,Expression profiling by high throughput sequencing; Genome b,0.0,"Diffuse intrinsic pontine gliomas (DIPG) are paediatric malignant gliomas developing  in the brainstem, where resection is unattainable, leaving palli",B,非目标瘤种/类型(细胞系/处理实验=19),细胞系/处理实验=19,"DIPGXIII, RNA-seq, 3h after SB939, replicate "
GSE271620,200271620,46,A novel Induced-recurrence PDX model recapitulates epi-genomic features of Gliob,2025/03/20,Expression profiling by high throughput sequencing,0.0,"Glioblastoma remains incurable and, due to its infiltrative growth, high levels of treatment resistance and population of glioma initiating/stem cells",A?,摘要含瘤种词(样本标题无特征),-,XGIC67_A_P5
GSE185695,200185695,46,LncRNA INHEG promotes glioma stem cell maintenance and tumorigenicity through re,2023/09/28,Expression profiling by high throughput sequencing,0.0,"Glioblastoma (GBM) ranks among the most lethal of human cancers, containing glioma stem cells (GSCs) that display therapeutic resistance. Here, we rep",B,非目标瘤种/类型(细胞系/处理实验=44),细胞系/处理实验=44,3565_GSC__NOP58_sg2_rep1
GSE207360,200207360,45,"Mesenchymal glioma stem cells trigger vasectasia, a distinct neovascularization ",2024/03/04,Expression profiling by high throughput sequencing; Other,0.0,"To investigate the functional role of EGFR in the formation of large vessels, we established a mesenchymal glioma stem cell line (GSC83) with intact E",B,非目标瘤种/类型(非人类模型=42),非人类模型=42,"Mouse5, WT, Outside_2 (GeoMx)"
GSE221384,200221384,45,Compendium of functional regulatory variants in human neuropsychiatric disease (,2022/12/23,Other,0.0,Abstract: Noncoding variants of presumed regulatory function contribute to neuropsychiatric disease heritability. 4442 noncoding variants connected to,E2,非表达谱技术(非表达谱),-,mpra_P-NPC_3
GSE74557,200074557,44,Adaptive chromatin remodeling in glioblastoma stem cell plasticity and drug tole,2017/01/25,Genome binding/occupancy profiling by high throughput sequen,0.0,"Many cancers are postulated to harbor developmental hierarchies in which cells display variability in stem-like character, tumor propagating ability, ",B,非目标瘤种/类型(细胞系/处理实验=44),细胞系/处理实验=44,H3K4me3_GSC8_4d-das_4d-KDM5C70_ChIPseq
GSE269557,200269557,44,Targeting the oncohistone-ASCL1 axis disrupts plasticity and suppresses pediatri,2026/07/10,Expression profiling by high throughput sequencing,0.0,"Phenotypic plasticity, a hallmark of cancer facilitated by epigenomic reprogramming, represents a significant challenge but also therapeutic opportuni",D,样本标题/摘要无特征词,-,DKO_DM_Week10_rep2
GSE148842,200148842,43,Deconvolution of Cell Type-Specific Drug Responses in Human Tumor Tissue with Si,2020/04/18,Expression profiling by high throughput sequencing,0.0,Precision oncology requires the timely selection of effective drugs or drug combinations for individual patients. The ideal platform would enable rapi,A?,摘要含瘤种词(样本标题无特征),-,PW051708
GSE249657,200249657,42,Enhancing transcription replication conflict targets ecDNA positive cancers,2024/05/23,Other; Genome binding/occupancy profiling by high throughput,0.0,Extrachromosomal DNA (ecDNA) presents a major challenge for cancer patients. EcDNA renders tumours treatment-resistant by facilitating massive oncogen,B,非目标瘤种/类型(细胞系/处理实验=40),细胞系/处理实验=40,"GBM39, ec, RiboZero, rep1"
GSE114222,200114222,42,Loss of m6A RNA methylation during glioma stem cell differentiation is regulated,2021/01/10,Other; Expression profiling by high throughput sequencing,0.0,This study highlights a critical role of m6A RNA methylation in regulation of translation in human cancer cells and identifies regulatory miRNAs that ,D,样本标题/摘要无特征词,-,Stem Total RNA - Sample 2
GSE148803,200148803,42,Gene expression regulation by the Chromodomain Helicase DNA-binding protein 9 (C,2020/04/17,Expression profiling by high throughput sequencing,0.0,Purpose: Chromodomain helicase DNA-binding (CHD) chromatin remodelers regulate transcription and DNA repair. Chd1-8 show upon germline disruption pron,B,非目标瘤种/类型(细胞系/处理实验=12),细胞系/处理实验=12,EmuMyc_CHD9#KO1
GSE125905,200125905,42,Reassessment of Exosome Composition,2019/03/18,Expression profiling by high throughput sequencing; Non-codi,0.0,"RNA-Seq of cellular and extracellular samples from DKO-1 and Gli36 cell lines. The distribution of extracellular RNA between microvesicles, and crude ",D,样本标题/摘要无特征词,-,DKO1_Exo_Cell_RNA_1
GSE33912,200033912,42,Functional Identification of Critical Bmi1 target genes in Neural Progenitor and,2013/05/21,Genome binding/occupancy profiling by high throughput sequen,0.0,"In this study, we combined a genome-wide analysis of the Polycomb protein Bmi1 and an in vivo RNAi screening to identify critical targets whose repres",B,非目标瘤种/类型(细胞系/处理实验=23),细胞系/处理实验=23,Neural progenitor cells+GFP knockdown+BMP4(10
GSE200062,200200062,41,A SOX2 engineered epigenetic silencer factor represses the glioblastoma genetic ,2022/08/10,Expression profiling by high throughput sequencing; Genome b,0.0,"By rational engineering of the transcription factor SOX2, a key promoter of GBM malignancy, we generated a synthetic repressor named SOX2 Epigenetic S",A?,摘要含瘤种词(样本标题无特征),-,NeuSes2
GSE138662,200138662,41,High temporal resolution RNA-seq time series of serum-starved T98G human gliobla,2022/06/23,Expression profiling by high throughput sequencing,0.0,"The advent of next-generation sequencing revealed extensive transcription outside the boundaries of annotated protein-coding genes, giving rise to ten",A?,摘要含瘤种词(样本标题无特征),-,060_min
GSE140819,200140819,40,A single-cell and single-nucleus RNA-Seq toolbox for fresh and frozen human tumo,2020/05/11,Expression profiling by high throughput sequencing,0.0,Single cell genomics is essential to chart tumor ecosystems. While single cell RNA-Seq (scRNA-Seq) profiles RNA from cells dissociated from fresh tumo,D,样本标题/摘要无特征词,-,HTAPP-StJude-SMP-PDX1_cell_channel1
GSE128536,200128536,40,Tumor-associated Reactive Astrocytes Aid the Evolution of Immunosuppressive Envi,2019/03/20,Expression profiling by high throughput sequencing,0.0,The role of activated astrocytes in glioblastoma environment,B,非目标瘤种/类型(正常/非肿瘤组织=7),正常/非肿瘤组织=7,Bottom_T+_M-_A+_01
GSE286565,200286565,40,Recurrent FGFR-alterations are frequent oncogenic drivers and therapeutic target,2025/05/16,Expression profiling by high throughput sequencing,0.0,Alterations in Fibroblast growth factor receptor proteins frequently occur as oncogenes in many cancers. FGFR alterations have been reported in a subs,D,样本标题/摘要无特征词,-,FGFR1 N546K r5
GSE283747,200283747,40,17q21.31 locus regulates Parkinson’s disease relevant pathways through KANSL1 ac,2025/03/17,Expression profiling by high throughput sequencing,0.0,"An inversion polymorphism at the 17q21.31 locus defines the H1 and H2 haplotypes, with the former linked to multiple neurodegenerative disorders, incl",B,非目标瘤种/类型(非人类模型=22),非人类模型=22,"siKAT8 SH-SY5Ys, replicate 1, sequencing batc"
GSE194169,200194169,40,Synergistic anti-tumor efficacy of mutant isocitrate dehydrogenase 1 inhibitor S,2022/02/23,Expression profiling by high throughput sequencing,0.0,"Isocitrate dehydrogenase 1 (IDH1) is mutated in >70% of these tumors, making it an attractive therapeutic target.  To determine the efficacy of our ne",B,非目标瘤种/类型(细胞系/处理实验=20),正常/非肿瘤组织=12; 细胞系/处理实验=20,V0914-TMZ-XRT-bioD5_L003
GSE210736,200210736,39, Chronic hypoxia remodels the tumor microenvironment to support glioma stem cell,2024/04/03,Expression profiling by high throughput sequencing; Genome b,0.0,Cerebral organoids co-cultured with patient derived glioma stem cells (GLICOs) are an experimentally tractable research tool useful for investigating ,A?,摘要含瘤种词(样本标题无特征),-,"24M, CO, 2"
GSE253557,200253557,39,Single-nuclei RNA-Seq profiles from Group 3 and Group 4 medulloblastomas [scRNA-,2025/07/09,Expression profiling by high throughput sequencing,0.0,Frozen Group 3 and Group 4 medulloblastoma samples were processed using Chromium Single Cell Multiome ATAC+Gene or Chromium Single Cell 3'/ATAC to obt,C,单细胞/空间数据,-,MB1935_10xRNA
GSE295378,200295378,38,Chromatin structure predicts survival in glioma patients,2025/04/27,Genome binding/occupancy profiling by high throughput sequen,57.9,The pathological changes in epigenetics and gene regulation that accompany the progression of low-grade to high-grade gliomas are under-studied. The a,E2,非表达谱技术(非Expression类型;ChIP/结合),-,ATAC-seq of glioma sample MG26 (Anaplastic as
GSE218860,200218860,38,Glioblastoma vessel co-option occurs as a resistance mechanism to chemoradiation,2024/01/01,Expression profiling by high throughput sequencing,0.0,Glioblastoma (GB) is one of the deadliest types of human cancer. Recurrence after chemoradiation is mostly caused by regrowth of highly invasive and r,B,非目标瘤种/类型(细胞系/处理实验=10),细胞系/处理实验=10,MGG4-Nes-high-3
GSE211362,200211362,38,Tumor type and cell type-specific gene expression alterations in diverse pediatr,2023/08/08,Expression profiling by high throughput sequencing,0.0,"Central nervous system (CNS) tumors are the leading cause of pediatric cancer death, and these patients have an increased risk for developing secondar",D,样本标题/摘要无特征词,-,"Pool 6, HTO derived cDNA"
GSE275722,200275722,37,Extrachromosomal DNA Associates with Nuclear Condensates and Reorganizes Chromat,2025/09/18,Genome binding/occupancy profiling by high throughput sequen,0.0,"Extrachromosomal, circular DNA (ecDNA) is a prevalent and significant oncogenic alteration in cancer genomes. Its frequency is associated with aggress",E2,非表达谱技术(非Expression类型;ChIP/结合),细胞系/处理实验=25,PC3DM-mock-rep2_MED1-ChIP
GSE241396,200241396,37,Tumor type and cell type-specific gene expression alterations in diverse pediatr,2023/12/31,Expression profiling by high throughput sequencing,0.0,"Central nervous system (CNS) tumors are the leading cause of pediatric cancer death, and these patients have an increased risk for developing secondar",D,样本标题/摘要无特征词,-,DHMC51
GSE155434,200155434,37,The evolution of alternative splicing in glioblastoma under therapy.,2020/12/10,Expression profiling by high throughput sequencing; Third-pa,0.0,"Alternative splicing is a rich source of tumor-specific neoantigen targets for immunotherapy. This holds promise for glioblastomas (GBMs), the most co",A?,摘要含瘤种词(样本标题无特征),-,SF6996 (RNA-seq)
GSE312830,200312830,36,CRYPTID-exon: streamlined detection of cryptic exons from RNA-seq data,2026/02/26,Other,0.0,Cryptic splicing has emerged as a pervasive feature of mammlian gene expression with recent studies discovering thousands of previously unannotated sp,E2,非表达谱技术(非表达谱),细胞系/处理实验=2,NF1_02_rep1
GSE275821,200275821,36,TOP2B cooperates with ATRX to resolve G-quadruplexes and maintain replication fo,2025/11/13,Expression profiling by high throughput sequencing; Genome b,0.0,"G-quadruplexes (G4s) are noncanonical DNA structures that promote genomic instability, particularly in α-thalassemia/mental retardation X-linked (ATRX",B,非目标瘤种/类型(细胞系/处理实验=36),细胞系/处理实验=36,"U87MG cells, siTOP2B-2"
GSE308636,200308636,36,Transcriptional changes mediated by the HDACi belinostat  in IDH-mutant glioma c,2025/09/19,Expression profiling by high throughput sequencing,0.0,"IDH1/2 mutations (IDHmut) increase methylation of DNA and histones in gliomas. IDHmut inhibitors are effective against low-grade IDHmut gliomas, but n",A?,摘要含瘤种词(样本标题无特征),-,TS603-TAZ V1
GSE242829,200242829,36,Glioma-associated microglia and macrophages as a potential target for mTOR inhib,2025/07/28,Expression profiling by high throughput sequencing,0.0,Introduction: Glioma-associated microglia/macrophages (GAM) constitute the predominant immune cell population in glioblastoma (GB). Both GB cells and ,B,非目标瘤种/类型(细胞系/处理实验=36),细胞系/处理实验=36,"C20, mono-culture, Vehicle-treated, replicate"
GSE283576,200283576,36,Dendritic Cell Immunotherapy with Homologous Antigenic Loading as Adjuvant Treat,2024/12/06,Expression profiling by high throughput sequencing,0.0,Glioblastoma is a devastating CNS tumor for which median survival remains only 14-18 months. Homologous antigenic loading provides a powerful PAMP sig,A?,摘要含瘤种词(样本标题无特征),-,"GBM25, double loaded"
GSE186207,200186207,36,Atypical cellular responses mediated by intracellular constitutive active TrkB (,2024/06/20,Expression profiling by high throughput sequencing,0.0,"We report the application of RNA-seq for molecular profiling of cultured, U87MG cells that stably express TrkB. Our data set is based on about 40 mill",A?,摘要含瘤种词(样本标题无特征),-,wt ctr_3
GSE142210,200142210,36,Identification of transcripts induced after treatment with protein disulfide iso,2019/12/18,Expression profiling by high throughput sequencing,0.0,Protein disulfide isomerase and histone deacetylase inhibition induces a synergistic pro-apoptotic response. The goal of this RNA-Seq experiment is to,B,非目标瘤种/类型(细胞系/处理实验=12),细胞系/处理实验=12,Run1b_FC65_plus_Pano_2
GSE79671,200079671,36,Transcriptional changes induced by bevacizumab combination therapy in responding,2017/04/20,Expression profiling by high throughput sequencing,0.0,"Purpose: To identify transcriptional changes by RNA-seq in tumor samples, before bevacizumab combination treatment and after bevacizumab combination t",A?,摘要含瘤种词(样本标题无特征),-,3020_A
GSE75906,200075906,36,Small molecules modulate chromatin accessibility to promote NEUROG2-mediated fib,2016/11/09,Expression profiling by high throughput sequencing,0.0,"Pro-neural transcription factors and small molecules can induce the transdifferentiation of fibroblasts into functional neurons; however, a molecular ",A?,摘要含瘤种词(样本标题无特征),-,RNA2_MRC5_N_1DPT
GSE293771,200293771,36,H3F3A K27M Mutations Drive a Repressive Transcriptome by Modulating Chromatin Ac,2025/04/30,Expression profiling by high throughput sequencing,0.0,Heterozygous histone H3.3K27M mutation is a primary oncogenic driver of Diffuse Midline Glioma (DMG). H3.3K27M inhibits the Polycomb Repressive Comple,D,样本标题/摘要无特征词,-,SF-8628-K27M-PRC2KO_rep2
GSE217571,200217571,36,Effect of ZIC1 on group 3 medulloblastoma cell lines and granule neuron progenit,2024/09/19,Expression profiling by high throughput sequencing,0.0,Investigate the DNA binding pattern as well as transcriptional consequences of ZIC1 and its medulloblastoma mutants in group 3 medulloblastoma cell li,D,样本标题/摘要无特征词,-,D283_P301S_ZIC1_mut_constructs_RNA
GSE273185,200273185,36,Discovery and prediction study of the dominant pharmacological action organ of A,2024/07/29,Expression profiling by high throughput sequencing,0.0,This study aimed to identify the modes of action (MOA) of Aconitum carmichaeli Debeaux water extract (ACDW) in HT29 and SW1783 cell line.,B,非目标瘤种/类型(细胞系/处理实验=12),细胞系/处理实验=12,SW1783_BatchA_Wortmannin_rep2
GSE207821,200207821,35,Glioblastoma and its treatment are associated with extensive accelerated brain a,2024/03/20,Expression profiling by high throughput sequencing,0.0,"Neurocognitive dysfunction is the leading cause of a reduced quality of life in patients with primary brain tumors. However, how the human brain respo",A?,摘要含瘤种词(样本标题无特征),-,AD_2_Near1
GSE233380,200233380,35,Wireless Electrical-Molecular Quantum Signalling for Cancer Cell Induced Death,2023/06/01,Expression profiling by high throughput sequencing,0.0,"To investigate the effect of electric fileds on the electrical-molecular signalling, we performed transcriptomic analysis on a sample of glioblastoma ",A?,摘要含瘤种词(样本标题无特征),-,C4
GSE192710,200192710,35,EZH2 inhibition in glioblastoma stem cells is associated with increased expressi,2022/09/01,Expression profiling by high throughput sequencing; Genome b,0.0,"Here we use two GBM stem cell lines, representing the classical/pro-neural and mesenchymal GBM subtypes, to investigate the effects of three different",A?,摘要含瘤种词(样本标题无特征),-,E2S-EPZ-3
GSE145645,200145645,35,Enhancer profiling of glioblastoma uncovers core oncogenic dependency and therap,2021/05/05,Expression profiling by high throughput sequencing,91.4,"Here, by mapping H3K27ac deposition, we analyze the active regulatory landscapes across primary GBM biopsies, normal brain tissues, and cell line coun",A,瘤种词样本91%,正常/非肿瘤组织=3,Primary GBM SuR10
GSE107558,200107558,35,Ivy Glioblastoma Atlas Project (SNP),2017/12/01,SNP genotyping by SNP array,0.0,"The Ivy Glioblastoma Atlas Project (Ivy GAP) is a detailed anatomically based transcriptomic atlas of human glioblastoma tumors.  As collaborators, th",E2,非表达谱技术(非表达谱),-,Brain-Tumor-W31-1-1
GSE147526,200147526,34,A Zebrafish-Based Orthotopic Glioblastoma Xenograft Model for Preclinical Drug S,2022/04/12,Expression profiling by high throughput sequencing,0.0,A reliable animal model that can mimic the GBM intracranial infiltration and Blood-brain barrier (BBB) interaction is necessary for effective therapeu,B,非目标瘤种/类型(细胞系/处理实验=22),细胞系/处理实验=22,Smartseq2_AXL-E3_endo_Danio
GSE141013,200141013,34,Integrated analyses of early responses to radiation in glioblastoma identify new,2019/11/26,Expression profiling by high throughput sequencing; Other,0.0,"High-dose radiation is the main component of glioblastoma therapy. Unfortunately, radio-resistance is a common problem and a major contributor to tumo",B,非目标瘤种/类型(细胞系/处理实验=16),细胞系/处理实验=16,U251_RNAseq_T24_replicate_2 [U251_L2_T24_S18]
GSE175543,200175543,34,Comprehensive molecular characterization of pediatric radiation-induced high-gra,2021/05/27,Methylation profiling by genome tiling array,0.0,"Radiation-induced high-grade gliomas (RIGs) are an incurable late complication of cranial radiation therapy. We performed DNA methylation profiling, R",E2,非表达谱技术(非表达谱;甲基化),-,RIG_Case_16
GSE292045,200292045,33,Adjuvant personalized multivalent neoantigen DNA vaccination for MGMT unmethylat,2026/02/10,Expression profiling by high throughput sequencing,0.0,Glioblastoma is a devastating disease with a prognosis of less than 24 months. Recent studies have shown encouraging results using neoantigen-based va,A?,摘要含瘤种词(样本标题无特征),-,"Subject 9, Pre-vaccination Tumor Region 3"
GSE318970,200318970,33,Metabolic Dependencies in Medulloblastoma Reflect Underlying Cellular Origins,2026/08/01,Expression profiling by high throughput sequencing,0.0,Medulloblastoma (MB) is the most common malignant brain tumour of childhood and comprises molecularly and clinically distinct subgroups arising from d,B,非目标瘤种/类型(细胞系/处理实验=33),细胞系/处理实验=33,2112FH vehicle.3
GSE286238,200286238,33,Multiple FGFR1 mutations modulate tumorigenic mechanisms in glioneuronal tumors.,2025/09/01,Expression profiling by high throughput sequencing,0.0,"FGFR1 genetic alterations are associated with human diseases, including brain tumors. We reported multiple FGFR1 mutations in familial and sporadic ca",D,样本标题/摘要无特征词,-,K656E-R661P-2_01
GSE145921,200145921,33,Genomic and transcriptomic analysis of medulloblastoma,2021/12/31,Expression profiling by high throughput sequencing; Genome b,0.0,"Identification of transcriptomic and genomic changes by RNA-seq, ATAC-seq and low coverage WGS in mouse and human tumor cells",D,样本标题/摘要无特征词,-,1NPC
GSE288221,200288221,32,"RNA sequencing human melanoma, glioblastoma and pancreatic adenocarcinoma cell l",2025/08/21,Expression profiling by high throughput sequencing,0.0,"Bulk RNA sequencing was performed on commercially available melanoma, glioblastoma and pancreatic adenocarcinoma cells lines. The RNA expression data ",B,非目标瘤种/类型(细胞系/处理实验=5),细胞系/处理实验=5,Capan-1 biol rep 2
GSE217348,200217348,32,Rewiring of the promoter-enhancer interactome and regulatory landscape in gliobl,2023/09/12,Expression profiling by high throughput sequencing,93.8,"Glioblastoma (GBM) is the most aggressive of all primary brain tumours. Here, we perform a multi-omics approach to map the promoter-enhancer interacto",E,瘤种词94%但细胞系/处理主导(32),正常/非肿瘤组织=2; 细胞系/处理实验=32,"U3031 cells, GBM, rep1 (RNAseq)"
GSE229866,200229866,32,The translatome of Glioblastoma,2023/08/01,Expression profiling by high throughput sequencing; Other,0.0,To identify new potential therapeutic targets for the treatment of GB we performed ribosome profiling of glioblastoma sphere cultures (GSCs) under nor,B,非目标瘤种/类型(细胞系/处理实验=14),细胞系/处理实验=14,RNAseq_GSC2_t_0_S72
GSE208616,200208616,32,Lysine Degradation Reprograms Tumour Immunity through Histone Crotonylation [RNA,2023/03/16,Expression profiling by high throughput sequencing,0.0,"To understand how GCDH enhances the oncogenic traits in GSCs, we carried out comparative transcriptomic analysis in two patient-derived GSCs (GSC23, G",B,非目标瘤种/类型(细胞系/处理实验=28),细胞系/处理实验=28,GSC3028_2mM_2
GSE330903,200330903,31,Depleting prion protein using splice-switching small molecules,2026/07/09,Expression profiling by high throughput sequencing,0.0,"Prion diseases are fatal neurodegenerative disorders driven by prion protein (PrP) misfolding, and lowering cellular PrP represents a promising therap",B,非目标瘤种/类型(细胞系/处理实验=14),细胞系/处理实验=14,"LN-229 cells, Risdiplam 3160 nM, 24 h, biol r"
GSE256492,200256492,31,"Single-cell atlas of the human brain vasculature across development, adulthood a",2024/02/29,Expression profiling by high throughput sequencing,0.0,"A broad range of brain pathologies critically relies on the vasculature, and cerebrovascular disease is a leading cause of death worldwide. However, t",B,非目标瘤种/类型(其他癌种=4),其他癌种=4,LGG_patient2_EC_bulkRNA-seq
GSE117685,200117685,31,Analysis of chromatin accessibility uncovers TEAD1 as a regulator of migration i,2018/07/27,Expression profiling by high throughput sequencing; Genome b,0.0,The intrinsic drivers of migration in glioblastoma (GBM) are poorly understood. To better capture the native molecular imprint of GBM and its developm,B,非目标瘤种/类型(细胞系/处理实验=18),细胞系/处理实验=18,G-13063 cell line neurospheres TEAD1 KO repli
GSE197569,200197569,31,Aberrant DNA methylation distorts developmental trajectories in atypical teratoi,2024/03/04,Methylation profiling by high throughput sequencing; Express,0.0,"Atypical teratoid/rhabdoid tumors (AT/RTs) are pediatric brain tumors known for their aggressiveness, exceptionally low mutation rate, and aberrant bu",D,样本标题/摘要无特征词,-,P4
GSE297587,200297587,30,iCLIP analysis of full-length and deletion mutants of myc-LARP6,2026/01/22,Other; Expression profiling by high throughput sequencing,0.0,"Intrinsically disordered regions (IDRs) are prevalent in RNA-binding proteins (RBPs), yet their roles in RNA interactions remain poorly defined. We ex",B,非目标瘤种/类型(细胞系/处理实验=15),细胞系/处理实验=15,U87 LaMod mycLARP6-INPUT_smallRNAseq
GSE290808,200290808,30,Cerebrospinal fluid from HAM/TSP patients with rapid evolution affects mitochond,2025/04/15,Expression profiling by high throughput sequencing,0.0,Human T-lymphotropic virus 1 (HTLV-1)-associated myelopathy/tropical spastic paraparesis (HAM/TSP) is a progressive neurodegenerative disease impactin,B,非目标瘤种/类型(细胞系/处理实验=30),细胞系/处理实验=30,"U87-MG cells, HAM typical, replicate 3, hour "
GSE229962,200229962,30,Extreme structural heterogeneity rewires glioblastoma chromosomes to sustain pat,2024/03/19,Genome binding/occupancy profiling by high throughput sequen,0.0,"Glioblastoma multiforme encompasses a range of brain malignancies marked by phenotypic and transcriptional heterogeneity, which is thought to render t",E2,非表达谱技术(非Expression类型;ChIP/结合),-,G394-HiC
GSE234127,200234127,30,Rewiring of the promoter-enhancer interactome and regulatory landscape in gliobl,2023/09/12,Other,86.7,"Glioblastoma (GBM) is the most aggressive of all primary brain tumours. Here, we perform a multi-omics approach to map the promoter-enhancer interacto",E2,非表达谱技术(非表达谱),正常/非肿瘤组织=2,"U3085,glioblastoma, cells [PITX1_U3085 Cut&Ru"
GSE185029,200185029,30,Therapeutic activation of virus-specific resident memory T cells within glioblas,2021/12/08,Expression profiling by high throughput sequencing,0.0,"Glioblastoma multiforme (GBM) is among the most aggressive, treatment resistant cancers, and despite standard of care surgery, radiation and chemother",A?,摘要含瘤种词(样本标题无特征),-,pt1079_p1
GSE179882,200179882,30,RNA-seq of glioma and normal cell lines after HDAC1 knock-down,2021/07/14,Expression profiling by high throughput sequencing,0.0,"Using RNA-seq we characterized the effect of shRNA mediated knockdown of HDAC1 in glioblastoma stem cells (GSCs), normal ihNPCs, and normal human astr",B,非目标瘤种/类型(细胞系/处理实验=30),细胞系/处理实验=30,GB3 shNT Rep2
GSE112734,200112734,30,A genome-wide screen identifies E2F6 as critical factor for TMZ chemoresistance ,2020/06/04,Expression profiling by high throughput sequencing,0.0,We conducted a genome-wide screen by clustered regularly interspaced short palindromic repeats (CRISPR)-Cas9 library to identify genes which are parti,B,非目标瘤种/类型(细胞系/处理实验=30),细胞系/处理实验=30,U87NC_TMZ_day14 rep3
GSE285553,200285553,30,Digital transformation of herbal medicine: Conversion to biological entity data ,2026/05/14,Expression profiling by high throughput sequencing,0.0,This study aimed to identify transcript expression induced by Qi-related herbal medicines (QHM) and modes of action (MOA) of QHM in SW1783 cell line. ,B,非目标瘤种/类型(细胞系/处理实验=3),细胞系/处理实验=3,QHM_SW1783_BatchE_ethanol extract of Yijin-ta
GSE299509,200299509,30,Combined epigenetic therapy with FACT and BET inhibitors remodels chromatin and ,2025/12/22,Expression profiling by high throughput sequencing,0.0,"Aberrant epigenetic regulation is a hallmark of Diffuse Midline Glioma (DMG), an incurable pediatric brain tumor. The H3K27M driver histone mutation l",D,样本标题/摘要无特征词,-,DIPG7_RNA_CBL0137_rep1
GSE254457,200254457,30,Digital transformation of herbal medicine: Conversion to biological entity data ,2025/11/13,Expression profiling by high throughput sequencing,0.0,This study aimed to identify transcript expression induced by digestion-related herbal medicines (DHM) and modes of action (MOA) of DHM in SW1783 cell,B,非目标瘤种/类型(细胞系/处理实验=3),细胞系/处理实验=3,BatchE_ethanol extract of Sayeok-tang (Medium
GSE232316,200232316,30,Multi-pronged analysis of Pediatric Low-Grade Glioma,2025/05/30,Expression profiling by high throughput sequencing; Other,0.0,Multiomic profiling of low-grade glioma,D,样本标题/摘要无特征词,-,1272_spatial
GSE229150,200229150,30,The transcription factor LHX2 mediates and enhances oncogenic BMP signaling in m,2025/03/28,Expression profiling by high throughput sequencing,0.0,"In this study, we investigate the potential role of BMP stimulation on the oncogenic capacity of Medulloblastoma cells. BMP7 stimulation demonstrated ",B,非目标瘤种/类型(细胞系/处理实验=3),细胞系/处理实验=3,CHLA01R-LDN2
GSE245903,200245903,30,Digital transformation of herbal medicine: Conversion to biological entity data ,2024/06/21,Expression profiling by high throughput sequencing,0.0,This study aimed to identify transcript expression induced by tonifying herbal medicines (THM) and modes of action (MOA) of THM in A549 cell line. For,B,非目标瘤种/类型(细胞系/处理实验=3),细胞系/处理实验=3,BatchC_water extract of Sibjeondaebo-tang (Hi
GSE241602,200241602,30,Dynamic Chromatin Alteration Induces Oncogenic Hijacking by Nuclear Factor I Fam,2024/05/03,Expression profiling by high throughput sequencing,0.0,The cancer-specific epigenome is the critical scaffold on which genetic programs work to positively promote cancer growth and progression. Understandi,B,非目标瘤种/类型(细胞系/处理实验=30),细胞系/处理实验=30,"PDX12, PDX, shNFIB, biol rep3"
GSE227795,200227795,30,Rapid PTEFb-dependent transcriptional reorganization underpins the glioma adapti,2024/04/15,Genome binding/occupancy profiling by high throughput sequen,0.0,"Using a combination of ChIP-, ATAC-, and RNA-seq in model systems of diffuse intrinsic pontine glioma and other pediatric high-grade gliomas, we obser",E2,非表达谱技术(非Expression类型;ChIP/结合),细胞系/处理实验=30,"IgG, DIPG4, DMSO_with_radiation, replicate 2"
GSE261563,200261563,30,G-quadruplex stabilizer CX-5461 effectively combines with ionizing radiation to ,2024/03/18,Expression profiling by high throughput sequencing,0.0,Mutational inactivation of α-thalassaemia/mental retardation X-linked (ATRX) represents a defining molecular feature in large subsets of adult and ped,B,非目标瘤种/类型(细胞系/处理实验=6),细胞系/处理实验=6,SH590_VEH_3
GSE217892,200217892,29,Intratumoral heterogeneity of glioblastoma is attributed to precancerous cells d,2025/04/10,Expression profiling by high throughput sequencing,0.0,"Neural stem cells (NSCs) in the subventricular zone (SVZ) have been identified as cells-of-origin carrying driver mutations in glioblastoma (GBM), but",C,单细胞/空间数据,-,"Intermediate, replicate 4, scRNAseq"
GSE276838,200276838,29,Glioblastoma-cortical organoids recapitulate cell state heterogeneity and interc,2024/10/01,Expression profiling by high throughput sequencing,0.0,"Glioblastoma is characterized by heterogeneous malignant cells that are functionally integrated within the neuroglial microenvironment. Here, we model",C,单细胞/空间数据,-,"MGG70 GCO, GFPpos (FACS), scRNA-seq"
GSE181144,200181144,29,MEOX2 homeobox gene promotes growth of malignant gliomas [RNA-Seq],2022/07/01,Expression profiling by high throughput sequencing,0.0,"Glioblastoma (GBM) is an aggressive tumor that frequently exhibits gain of chromosome 7, loss of chromosome 10 and aberrantly activated RTK signaling ",A?,摘要含瘤种词(样本标题无特征),-,L0512_MEOX2_rep2
GSE339484,200339484,28,RNA-seq profiling of 14 paired primary and recurrent glioma cases,2026/07/22,Expression profiling by high throughput sequencing,0.0,Glioma recurrence remains a major clinical challenge and is associated with poor patient outcomes. To characterize transcriptomic alterations associat,A?,摘要含瘤种词(样本标题无特征),-,"Patient01, Grade 3, IDH1 wt, Primary"
GSE229965,200229965,28,Extreme structural heterogeneity rewires glioblastoma chromosomes to sustain pat,2024/03/19,Expression profiling by high throughput sequencing,0.0,"Glioblastoma multiforme encompasses a range of brain malignancies marked by phenotypic and transcriptional heterogeneity, which is thought to render t",A?,摘要含瘤种词(样本标题无特征),-,G412R-RNA-seq
GSE213046,200213046,28,Genome-wide CRISPR interference screen identifies long non-coding RNA DARS1-AS1 ,2023/08/09,Other,0.0,"There are over 15,000 long (>200 nucleotides) noncoding RNA (lncRNAs) genes in the human genome, but only few of them has been functionally characteri",E2,非表达谱技术(非表达谱),细胞系/处理实验=24,U251D21R3
GSE185861,200185861,28,Differential transcriptome between low and high-grade gliomas,2021/11/30,Expression profiling by high throughput sequencing,0.0,"Glioblastoma (GB) is the most aggressive form of glioma and is characterized by a poor prognosis and high recurrence, despite intensive clinical inter",A?,摘要含瘤种词(样本标题无特征),-,Sample t56
GSE138794,200138794,28,A single cell atlas of human glioma,2019/10/12,Expression profiling by high throughput sequencing; Genome b,0.0,"Although tumor-propagating cells can be derived from glioblastomas (GBMs)of theproneural and mesenchymal subtypes,a gliomastem-like cell (GSC) of the ",C,单细胞/空间数据,-,SF11956_scRNA-Seq
GSE238195,200238195,28,Mapping naturally presented T-cell antigens in medulloblastoma based on integrat,2024/08/24,Expression profiling by high throughput sequencing,0.0,"Medulloblastoma is the most frequent malignant primary brain tumor in children. Despite recent advances in integrated genomics, the prognosis in child",D,样本标题/摘要无特征词,-,ZH859
GSE312023,200312023,27,"Effect of BMP2, BMP3, BMP4, IL6, LIF, and OSM on the gene expression profiles of",2026/06/01,Expression profiling by high throughput sequencing,0.0,"To identify microenvironmental influences on glioblastoma (GBM) cell death response, a secreted factor modulatory screen was conducted on primary pati",B,非目标瘤种/类型(细胞系/处理实验=27),细胞系/处理实验=27,GS025_IL6_biol rep1
GSE151155,200151155,27,Musashi1 contributes to glioblastoma development via regulation of a network of ,2020/07/08,Expression profiling by high throughput sequencing,0.0,RNA binding proteins (RBPs) function as master regulators of gene expression. Alterations in their expression levels and function are often observed i,B,非目标瘤种/类型(细胞系/处理实验=18),细胞系/处理实验=18,U251_MSI1_KO_Clone3_2
GSE139238,200139238,27,High-Throughput Translational Profiling with riboPLATE-seq,2019/10/23,Expression profiling by high throughput sequencing,0.0,"Protein synthesis is dysregulated in many diseases, but we lack a systems-level picture of how signaling molecules and RNA binding proteins interact w",B,非目标瘤种/类型(细胞系/处理实验=12),细胞系/处理实验=12,DMSO_6_1.RNA
GSE77751,200077751,27,Glioblastoma multiforme cancer stem cells from different patients exhibit consis,2019/08/27,Expression profiling by high throughput sequencing,0.0,"Cancer stem cells are responsible for the regenerative properties of tumors, manifested as recurrence and metastasis. They can adopt different states,",B,非目标瘤种/类型(液体活检/血液=9),液体活检/血液=9,X04-FGFJI-1
GSE86237,200086237,27,Targeting Glioma Stem Cells through Combined BMI1 and EZH2 Inhibition [RNA-seq],2017/10/01,Expression profiling by high throughput sequencing,0.0,"Glioblastomas are lethal cancers defined by angiogenesis and pseudopalisading necrosis.  Here, we demonstrate that these features are associated with ",A?,摘要含瘤种词(样本标题无特征),-,CW1987_5_bulk
GSE224974,200224974,27,Thyroid Hormones Promotes Terminal Differentiation of Medulloblastoma Tumor Cell,2024/02/09,Expression profiling by high throughput sequencing,0.0,"Hypothyroidism is commonly detected in patients with medulloblastoma (MB), a pediatric brain tumor, which is generally considered as a treatment-relat",D,样本标题/摘要无特征词,-,pdox_shh_PBS_3
GSE227802,200227802,27,Genome-wide activation of a glioma cancerous transcription program and super-enh,2023/03/31,Expression profiling by high throughput sequencing,0.0,A growing number of studies describe multiple functions of lncRNAs in chromatin that support their active roles in normal and disease-specific gene ex,B,非目标瘤种/类型(细胞系/处理实验=18),细胞系/处理实验=18,RNAseq_CRISPRa_0h_rep1
GSE219250,200219250,27,Intronic natural antisense transcripts in glioma patient biopsies,2023/02/24,Expression profiling by high throughput sequencing,0.0,Natural non-coding antisense transcripts (ncNATs) are long non-coding RNAs (lncRNA) transcribed from the opposite strand of a separate protein coding ,B,非目标瘤种/类型(其他癌种=9),其他癌种=9,"GB, Patient_7"
GSE282642,200282642,26,GLIOBLASTOMAS ARE CHARACTERIZED BY A REDUCED NUMBER OF M6A SITES IN LNCRNAs,2025/05/20,Expression profiling by high throughput sequencing,0.0,"Recent studies have suggested the potential role of posttranscriptional N6-methyladenosine (m6A) RNA modifications in diverse biological processes, in",B,非目标瘤种/类型(其他癌种=9),其他癌种=9,GB_LT_Patient-16
GSE239853,200239853,26,Single nuclei RNA-seq profiles from medulloblastoma tumors with extensive nodula,2023/10/26,Expression profiling by high throughput sequencing,0.0,Medulloblastoma with extensive nodularity (MBEN) are cerebellar tumors with two histologically distinct compartments and varying disease course.  We i,D,样本标题/摘要无特征词,-,135718_INTER
GSE229600,200229600,25,Bivalent activity of super-enhancer RNA LINC02454 controls 3D chromatin structur,2024/01/10,Expression profiling by high throughput sequencing; Genome b,0.0,"Temozolomide (TMZ) resistance of glioma cells is currently a critical problem in glioma clinical treatment. In this study, we reveal a bivalent functi",B,非目标瘤种/类型(细胞系/处理实验=25),细胞系/处理实验=25,RNA-Seq of Homo sapiens: U251-TMZ-Rep1
GSE205246,200205246,25,H3K27me3 spreading organizes canonical PRC1 chromatin architecture to regulate d,2026/03/09,Expression profiling by high throughput sequencing,0.0,Polycomb Repressive Complex 2 (PRC2) deposits H3K27me3 to recruit canonical PRC1 (cPRC1) that establishes repressive heterochromatin. Higher order cPR,B,非目标瘤种/类型(正常/非肿瘤组织=4),正常/非肿瘤组织=4,"DIPGXIII, K27M, DM, R2"
GSE306559,200306559,24,Regulation of temozolomide resistance by m6A mRNA methylation in glioma cell lin,2026/06/01,Expression profiling by high throughput sequencing,0.0,"N6-methyladenosine (m6A) is a critical regulator of mRNA processing and function, playing roles in mRNA processing, translation, and decay. Changes in",B,非目标瘤种/类型(细胞系/处理实验=24),细胞系/处理实验=24,"U87 MG, DMSO, rep 2"
GSE313799,200313799,24,Effect of chronic mechanical compression on co-cultures of human induced neurons,2025/12/18,Expression profiling by high throughput sequencing,0.0,Human induced neurons and primary murine glia were subjected to a controlled in vitro model of mechanical compression to determine how solid stress—si,A?,摘要含瘤种词(样本标题无特征),-,"WBO2 (iN 1), Compressed, Biol Rep 1"
GSE270481,200270481,24,3D brain vascular niche model captures invasive behavior and gene signatures of ,2024/07/18,Expression profiling by high throughput sequencing,0.0,Glioblastoma (GBM) is a highly lethal brain cancer with no effective treatments; understanding how GBM cells respond to tumor microenvironment remain ,B,非目标瘤种/类型(正常/非肿瘤组织=6),正常/非肿瘤组织=6; 非人类模型=6,"SD2 cells, 3D in vitro, rep 2"
GSE241147,200241147,24,IGF2BP3 promotes mRNA degradation through internal m7G modification [RNA-Seq],2024/07/15,Expression profiling by high throughput sequencing,0.0,"Recent studies have suggested that mRNA internal m7G and its writer protein METTL1 are closely related to cell metabolism and cancer regulation. Here,",B,非目标瘤种/类型(细胞系/处理实验=24),细胞系/处理实验=24,HepG2 siIGF2BP2 6h rep2
GSE241276,200241276,24,Reduction of ZFX levels decreases histone H4 acetylation and increases Pol2 paus,2024/04/23,Expression profiling by high throughput sequencing,0.0,"The ZFX transcriptional activator binds to CpG island promoters, with a major peak at ~200-250bp downstream from transcription start sites. Because ZF",D,样本标题/摘要无特征词,-,"293T, DKO, pCMV6_rep3"
GSE241227,200241227,24,Quisinostat is a brain-penetrant radiosensitizer in glioblastoma,2023/11/23,Expression profiling by high throughput sequencing,0.0,"In recent years, histone deacetylase inhibitors (HDACi) have garnered considerable interest for the treatment of adult and pediatric malignant brain t",B,非目标瘤种/类型(细胞系/处理实验=6),细胞系/处理实验=6,Survival Combo #2
GSE232173,200232173,24,Ex vivo drug sensitivity screening predicts response to temozolomide in glioblas,2023/08/23,Expression profiling by high throughput sequencing,0.0,To investigate in situ-in vitro molecular correspondence and the relationship between in vitro and patient response to temozolomide (TMZ),D,样本标题/摘要无特征词,-,GS.691
GSE186440,200186440,24,DAXX-ATRX-H3.3 Regulation of p53 Chromatin Binding and DNA Damage Response [RNA-,2022/07/19,Expression profiling by high throughput sequencing,0.0,DAXX and ATRX are tumor suppressor proteins that form a complex with histone H3.3 chaperone and are frequently mutated in cancers with the alternative,B,非目标瘤种/类型(细胞系/处理实验=24),细胞系/处理实验=24,"ATRX KO cells, Etoposide treated, replicate 1"
GSE193729,200193729,24,TTFields treatment effects on newly diagnosed Glioblastoma patients in periphera,2022/04/20,Expression profiling by high throughput sequencing,0.0,We report the application of RNA-based sequencing technology for high-throughput profiling of T cell enriched peripheral blood mononuclear cells. By s,B,非目标瘤种/类型(细胞系/处理实验=24),细胞系/处理实验=24,Peripheral T cells of patinet #22 before TTF 
GSE120647,200120647,24,Glioblastoma multiforme cancer stem cells from different patients exhibit consis,2019/12/31,Expression profiling by high throughput sequencing,0.0,"Cancer cells are plastic, switching between signaling pathways to regulate growth under different conditions. In the tumor microenvironment this likel",D,样本标题/摘要无特征词,-,X01 Hes3 B
GSE98127,200098127,24,Mapping the chemotherapy-induced RNA interactome in Glioblastoma [smallRNA-Seq],2019/04/24,Non-coding RNA profiling by high throughput sequencing,0.0,"Long non-coding RNAs (lncRNAs) are increasingly recognized as important players in transcription and epigenetic-driven cell diversification. So far, l",A?,摘要含瘤种词(样本标题无特征),-,SAB-09 (smallRNA-Seq)
GSE98126,200098126,24,Mapping the chemotherapy-induced RNA interactome in Glioblastoma [RNA-Seq],2019/04/24,Expression profiling by high throughput sequencing,0.0,"Long non-coding RNAs (lncRNAs) are increasingly recognized as important players in transcription and epigenetic-driven cell diversification. So far, l",A?,摘要含瘤种词(样本标题无特征),-,SAB-09 (RNA-seq)
GSE94693,200094693,24,RNA-Seq of Glioblastoma stem-like cell (GSC) NSC11 with and without 2Gy irradiat,2018/02/14,Expression profiling by high throughput sequencing,0.0,RNA-Seq analyses of GSC line NSC11 after 2Gy irradiation in the transcriptome and the translatome to evaluate radiation-induced changes in alternative,B,非目标瘤种/类型(细胞系/处理实验=12),细胞系/处理实验=12,"NSC11 cells mock irradiated, collected at 1h,"
GSE317726,200317726,24,Co-targeting neurotransmitter signaling and CDK9 to treat diffuse midline glioma,2026/04/24,Expression profiling by high throughput sequencing,0.0,Aberrant neurotransmitter signaling and transcriptional dysregulation are hallmarks of glioma and represent potential therapeutic targets. In this stu,B,非目标瘤种/类型(细胞系/处理实验=24),细胞系/处理实验=24,"DIPGXIII, sertraline, rep2"
GSE302307,200302307,24,PP2A Regulates Senescence and Immunogenicity in Medulloblastoma,2026/04/11,Expression profiling by high throughput sequencing,0.0,"Medulloblastoma (MB) is the most common malignant pediatric brain tumor. Current treatments carry significant morbidity, and prognosis remains poor in",D,样本标题/摘要无特征词,-,D425_PP2A_WT_NT_rep2
GSE272131,200272131,24,Combined epigenetic therapy with FACT and BET inhibitors remodels chromatin and ,2025/12/22,Expression profiling by high throughput sequencing,0.0,"Aberrant epigenetic regulation is a hallmark of Diffuse Midline Glioma (DMG), an incurable pediatric brain tumor. The H3K27M driver histone mutation l",D,样本标题/摘要无特征词,-,DIPG6_RNA_CBL0137_rep2
GSE294592,200294592,24,Comparative study of transcriptome expression in water extract and ethanol extra,2025/05/19,Expression profiling by high throughput sequencing,0.0,This study aimed to identify the mode of action of Schisandra chinensis water extracts (SCW) and  Schisandra chinensis ethanol extracts (SCE) in SW178,B,非目标瘤种/类型(细胞系/处理实验=24),细胞系/处理实验=24,BatchB Vehicle (DMSO) rep3
GSE252245,200252245,24,Exploiting the therapeutic vulnerability of IDH-mutant gliomas with zotiraciclib,2024/12/31,Expression profiling by high throughput sequencing,0.0,Isocitrate dehydrogenase (IDH)-mutant gliomas have distinctive metabolic and biological traits that may render them susceptible to targeted treatments,B,非目标瘤种/类型(细胞系/处理实验=18),细胞系/处理实验=18,"TS603 cells, Control, 24 hours, Biological re"
GSE267469,200267469,24,Dual targeting of processive transcription for Myc-driven circuitry in medullobl,2024/11/14,Expression profiling by high throughput sequencing,0.0,Medulloblastoma is the most common malignant brain tumor of childhood. The highest-risk tumors are driven by recurrent Myc amplifications (Myc-MB) and,B,非目标瘤种/类型(细胞系/处理实验=12),细胞系/处理实验=12,"D458 cells, DMSO, 72 hours, replicate 3, RNAs"
GSE229614,200229614,24,Functionally-instructed modifiers of response to ATR inhibition in experimental ,2024/03/22,Expression profiling by high throughput sequencing,0.0,We investigated the influence of ATR inhibition by AZD6738 treatment in LN229 and LNZ308 glioma cells.,B,非目标瘤种/类型(细胞系/处理实验=12),细胞系/处理实验=12,LN229 24 h B
GSE224500,200224500,24,DNA Methylation Potential Energy Landscape Analysis of Diffuse Midline Glioma/Di,2024/02/25,Expression profiling by high throughput sequencing,0.0,"Diffuse intrinsic pontine glioma (DIPG) is a uniformly lethal brainstem tumor of childhood, driven by mutations in histone H3 at lysine 27 (K27M) lead",B,非目标瘤种/类型(其他癌种=18),其他癌种=18; 细胞系/处理实验=12,SF7761-DAC-1
GSE233609,200233609,24,Group 3 medulloblastomatranscriptional networks collapse under domain-specific E,2024/02/23,Expression profiling by high throughput sequencing,0.0,"EP300 and CBP are paralogous, multidomain histone acetyltransferases (HATs) that regulate gene expression by binding to and acetylating diverse protei",B,非目标瘤种/类型(细胞系/处理实验=6),细胞系/处理实验=6,HDMBO3_DMSO_bio_rep2
GSE230065,200230065,24,PRMT5 inhibition by LLY-283 in HSJD-DIPG-007 DMG cells,2024/01/05,Expression profiling by high throughput sequencing,0.0,H3K27-altered Diffuse Midline Glioma (DMG) is a universally fatal paediatric brainstem tumour. The prevalent driver mutation H3K27M creates a unique e,B,非目标瘤种/类型(其他癌种=24),其他癌种=24; 细胞系/处理实验=24,"HSJD-DIPG-007 cells, vehicle treatment, day 0"
GSE150470,200150470,24,Gene therapy using genome-edited human iPS cell-derived neural stem cells overco,2022/09/16,Expression profiling by high throughput sequencing,0.0,Spatiotemporal analyses using brain slice culture and brain clearing demonstrated that human induced pluripotent stem cell-derived neural stem cells (,B,非目标瘤种/类型(细胞系/处理实验=23),正常/非肿瘤组织=7; 细胞系/处理实验=23,Glioma stem cell hG021 rep1
GSE206875,200206875,24,A non-coding single nucleotide polymorphism at 8q24 drives IDH1-mutant glioma fo,2022/09/12,Expression profiling by high throughput sequencing; Genome b,0.0,"Establishing causal links between inherited polymorphisms and cancer risk is challenging. Here, we focus on the single nucleotide polymorphism rs55705",D,样本标题/摘要无特征词,-,14_Myc_N262
GSE165960,200165960,24,Combined MEK and JAK/STAT3 pathway inhibition effectively decreases medulloblast,2022/07/04,Expression profiling by high throughput sequencing,0.0,RNA sequencing was carried out to identify the signaling pathways and hallmarks that change following MEK and/or JAK/STAT3 pathway inhibition.,B,非目标瘤种/类型(细胞系/处理实验=24),细胞系/处理实验=24; 非人类模型=6,UI226 tumorspheres - selumetinib treated - re
GSE193129,200193129,24,The molecular characteristics of low-grade and high-grade areas in desmoplastic ,2022/05/24,Expression profiling by high throughput sequencing,0.0,A distinctive feature of the histopathology of desmoplastic infantile astrocytomas and gangliogliomas (DIA/DIGs) is a combination of low-grade and hig,D,样本标题/摘要无特征词,-,26H
GSE159070,200159070,24,"The H3K27M mutation alters stem cell growth, epigenetic regulation, and differen",2021/12/31,Expression profiling by high throughput sequencing,0.0,"Lysine 27 to methionine mutation (H3K27M) of the H3F3A gene, which encodes the variant histone H3.3, is found in the majority of Diffuse Intrinsic Pon",D,样本标题/摘要无特征词,-,C1_undiff_day0_3_SPOND7
GSE247890,200247890,23,A multidimensional atlas of human glioblastoma-like organoids reveals highly coo,2024/01/26,Expression profiling by high throughput sequencing,0.0,We use bulk-RNA sequencing to gain deeper insights into the impact of genetic modifications on phenotypic changes in two-month-old organoids derived f,D,样本标题/摘要无特征词,-,GFP_PT_rep3
GSE54791,200054791,23,Reconstructing and reprogramming the tumor propagating potential of glioblastoma,2014/04/14,Expression profiling by high throughput sequencing,0.0,Developmental fate decisions are dictated by master transcription factors (TFs) that interact with cis-regulatory elements to direct transcriptional p,A?,摘要含瘤种词(样本标题无特征),-,MGG6DGC_2
GSE188620,200188620,23,Next Generation Sequencing Facilitates Quantitative Analysis of Transcriptomes a,2022/02/01,Expression profiling by high throughput sequencing,0.0,"In the clinical trial, we evaluated the immunological efficacy of the vaccination of GBM6-AD, a tumor-cell lysate, assisted with poly-ICLC in low grad",D,样本标题/摘要无特征词,-,103_029_screening
GSE317583,200317583,22,RNA-seq of 11 human glioblastoma cell lines under standard serum-containing cond,2026/01/31,Expression profiling by high throughput sequencing,0.0,"A transcriptomic comparison was performed between brincidofovir (BCV)-sensitive (KALS-1, T98G, and LN-18) and less sensitive (A-172, AM-38, KNS-42, LN",B,非目标瘤种/类型(细胞系/处理实验=8),细胞系/处理实验=8,KALS1-2
GSE290046,200290046,22,PolyA RNA seq of human glioblastoma cells treated with a pool of 11 miRNAs in vi,2025/10/29,Expression profiling by high throughput sequencing,0.0,Glioblastoma (GBM) has a poor prognosis due to infiltrative and therapy-resistant glioma stem-like cells. MicroRNAs (miRNAs) synergistically modulate ,A?,摘要含瘤种词(样本标题无特征),-,GBM2 SCRAMBLE 1
GSE287371,200287371,22,Newly-diagnosed IDHwt MGMT unmethylated glioblastoma patients treated with stand,2025/06/02,Expression profiling by high throughput sequencing,0.0,Improving immunotherapeutic efficacy for patients with glioblastoma (GBM) has been suggested to be limited by a number of factors including indoleamin,A?,摘要含瘤种词(样本标题无特征),-,Patient 109 PBLs sample collected at C1D1
GSE270493,200270493,22,Effects of PP121/ bufalin-induced differentiation on gene expression of neurobla,2024/07/23,Expression profiling by high throughput sequencing,0.0,"Tumor cell heterogeneity in neuroblastoma, a pediatric cancer arising from neural crest-derived progenitor cells, poses a significant clinical challen",A?,摘要含瘤种词(样本标题无特征),-,SKNAS_S2D4_1
GSE248420,200248420,22,"Pycallingcards: an integrated environment for visualizing, analyzing, and interp",2024/01/01,Expression profiling by high throughput sequencing; Other,0.0,"Unraveling the transcriptional programs that control how cells divide, differentiate, and respond to their environments requires a precise understandi",B,非目标瘤种/类型(细胞系/处理实验=22),细胞系/处理实验=22,"k562, WTHYPBcentrip, rep3"
GSE182685,200182685,22,Mitochondrial variant enrichment from high-throughput single-cell RNA-seq resolv,2021/12/08,Expression profiling by high throughput sequencing; Genome b,0.0,Reconstructing lineage relationships in complex tissues can reveal mechanisms underlying development and disease. Recent methods combine single-cell t,C,单细胞/空间数据,-,BPDCN712_10x_GoT_Rxn4_TET2-4104_ASXL1-1898
GSE148292,200148292,22,"Effects of BMPER, CXCL10 and HOXA9 on neovascularization during early-growth sta",2020/05/21,Expression profiling by high throughput sequencing,0.0,Neovascularization is required in high-grade glioma (HGG). The objective of this study was to explore neovascularization-related genes and their corre,D,样本标题/摘要无特征词,-,DP66
GSE99181,200099181,22,Selectively targeting bromodomain and extraterminal proteins for degradation as ,2018/05/15,Expression profiling by high throughput sequencing,0.0,Purpose: Characterization of mechanism and vulnerability of BET protein dependency in GBM cells.  Methods: ChIP-seq and RNA-seq were performed on GBM ,B,非目标瘤种/类型(细胞系/处理实验=20),细胞系/处理实验=20,U87_DMSO_8h_rep2
GSE237808,200237808,21,Multi-omics analysis of FOXO3 pioneer factor activity reveals distinct networks ,2026/07/24,Expression profiling by high throughput sequencing,0.0,Determine how FOXO3 functions at the chromatin level to modulate aging and promote longevity.,B,非目标瘤种/类型(细胞系/处理实验=21),细胞系/处理实验=21,"U87MG cells, FOXO3 shRNA, rep3"
GSE298185,200298185,21,"RNAseq analysis of LGG275, a diffuse IDH-mutant low-grade astrocytoma cell line ",2025/09/05,Expression profiling by high throughput sequencing,0.0,"The goal of the present study was to identify regulators of diffuse low-grade glioma cell behaviour (proliferation, differentiation and cell death) ba",D,样本标题/摘要无特征词,-,T3
GSE300506,200300506,21,Neuro-Glioblastoma Connectivity: Brain-Wide Mapping and Cholinergic Modulation o,2025/07/31,Expression profiling by high throughput sequencing,0.0,This study explores the effect of long-range cholinergic input on glioblastoma (GBM) progression based on systematically mapping neuron-glioma connect,B,非目标瘤种/类型(细胞系/处理实验=21),细胞系/处理实验=21,"Glutmate treatment for 1 hour, total RNA was "
GSE196591,200196591,21,Targeting S6K1 and S6K2 by siRNA and sgRNA in LN229 GBM cells,2024/08/28,Expression profiling by high throughput sequencing,0.0,"To systematically identify the function of S6K1 and S6K2 in glioblastoma cells, LN229 cells were stably transduced with Cas9, control non-targeting sg",B,非目标瘤种/类型(细胞系/处理实验=21),细胞系/处理实验=21,siS6K1_sgNon-Targeting_rep1
GSE222518,200222518,21,Immune landscape of Isocitrate Dehydrogenase (IDH) stratified human gliomas [RNA,2024/06/23,Expression profiling by high throughput sequencing,0.0,"The brain tumor immune microenvironment (TIME) continuously evolves during glioma progression, but only a limited view of a highly complex glioma asso",D,样本标题/摘要无特征词,-,"IMR1, replicate1, mRNASeq"
GSE253222,200253222,21,Modular Tissue-in-a-CUBE platform to model blood-brain barrier (BBB) and brain i,2024/01/18,Expression profiling by high throughput sequencing,0.0,"With the advent of increasingly sophisticated organoids, there is growing demand for technology to replicate the interactions between multiple tissues",B,非目标瘤种/类型(正常/非肿瘤组织=21),正常/非肿瘤组织=21,"BME without astrocyte and pericytes at day 4,"
GSE207288,200207288,21,The DEAD box RNA helicase DDX42 is an intrinsic inhibitor of positive-strand RNA,2022/09/15,Expression profiling by high throughput sequencing,0.0,"To investigate the impact of DDX42 depletion on the cellular transcriptome, we silenced DDX42 by transfecting siRNAs in U87-MG and A549-ACE2 cells. DD",B,非目标瘤种/类型(细胞系/处理实验=20),细胞系/处理实验=20,RNAseq of A549 cells : siControl Rep2
GSE92459,200092459,21,Characterizing the epigenome of glioma stem cells (RNA-Seq),2018/02/23,Expression profiling by high throughput sequencing,0.0,Glioma initiating cells/stem cells exist in the bulk tumor of glioblastoma. This cell population contributes to the frequent resistances toward radiat,B,非目标瘤种/类型(细胞系/处理实验=15),细胞系/处理实验=15,FPKM_GSC64 Sample 55
GSE305709,200305709,21,"IVT-Free, in silico-synthesized protein-encoding RNA Oligonucleotides for rapid ",2026/07/03,Expression profiling by high throughput sequencing,0.0,"Personalized mRNA neoantigen vaccines demonstrate great potential in cancer therapy, but their customization typically requires more than three months",B,非目标瘤种/类型(细胞系/处理实验=21),细胞系/处理实验=21,"Sample6_PrimaryT, Unmodified-mRNA, rep3"
GSE243795,200243795,21,Multiomic profiling of medulloblastoma reveals subtype-specific targetable alter,2024/04/23,Expression profiling by high throughput sequencing,0.0,Medulloblastomas (MBs) are malignant pediatric brain tumors that are molecularly and clinically very heterogenous. To unravel phenotypically relevant ,D,样本标题/摘要无特征词,-,GR4 MB20
GSE232868,200232868,21,Effect of Terpenes from Poria Cocos: Verification of Therapeutic Modes of Action,2024/04/23,Expression profiling by high throughput sequencing,0.0,This study aimed to identify the modes of action (MOA) of Poria Cocos water extract (PCW) in SW1783 cell line.,B,非目标瘤种/类型(细胞系/处理实验=3),细胞系/处理实验=3,BatchA_SW1783_water extract of Poria Cocos (M
GSE239939,200239939,21,Genome-wide gene expression profile of human DIPG cell lines (ONC201 treatment),2023/12/31,Expression profiling by high throughput sequencing,0.0,"To study the effect of ONC201 treatment on DIPG-VII, DIPG-IV, and DIPG-XIII cell lines, we treated cell lines and performed RNA-Seq analysis.",B,非目标瘤种/类型(其他癌种=21),其他癌种=21; 细胞系/处理实验=12,DIPG-VII_Control_B
GSE160088,200160088,21,MAT2A expression and methionine dependency in Diffuse Midline Gliomas creates a ,2022/01/28,Expression profiling by high throughput sequencing,0.0,We generated a syngeneic H3K27M diffuse midline glioma (DMG) mouse model and performed total RNA seq on  H3K27MPP cells and control cell lines H3wtMPP,B,非目标瘤种/类型(细胞系/处理实验=12),细胞系/处理实验=12,H3K27M Replicate 1
GSE331507,200331507,20,Multi-omics profiling of glioma cells treated with I-BRD9,2026/05/25,Genome binding/occupancy profiling by high throughput sequen,0.0,BRD9 is a glioma-associated epigenetic regulator. This study profiles transcriptomic and chromatin-level changes in glioma cells after I-BRD9 treatmen,B,非目标瘤种/类型(细胞系/处理实验=17),细胞系/处理实验=17,U87MG RNA-seq 5 μM I-BRD9 biol rep 2
GSE286513,200286513,20,Diversity and Heterogeneity of Extracellular Vesicles and Brain-Penetrating Amem,2025/11/18,Expression profiling by high throughput sequencing,0.0,Advances in understanding intercellular communication through extracellular vesicles (EVs) and non-vesicular extracellular nanoparticles (NVEPs) have ,D,样本标题/摘要无特征词,-,"Supermere, series E"
GSE275702,200275702,20,Extrachromosomal DNA Associates with Nuclear Condensates and Reorganizes Chromat,2025/09/18,Expression profiling by high throughput sequencing,0.0,"Extrachromosomal, circular DNA (ecDNA) is a prevalent and significant oncogenic alteration in cancer genomes. Its frequency is associated with aggress",B,非目标瘤种/类型(细胞系/处理实验=20),细胞系/处理实验=20,GBM171DM_RNA-seq-3%HD-2h-rep1
GSE302919,200302919,20,Effect of JAM3 knockdown on glioma cell transcriptome,2025/07/24,Expression profiling by high throughput sequencing,0.0,"The JamC adhesion molecule plays a potential role in glioblastoma stem cell adhesion and interaction with the vascular niche. To study this, we perfor",B,非目标瘤种/类型(细胞系/处理实验=20),细胞系/处理实验=20,GSC4_KO409-1
GSE261187,200261187,20,Epigenetic priming induces cancer testis antigens and human endogenous retroviru,2024/06/03,Expression profiling by high throughput sequencing,0.0,Glioblastoma (GBM) is the most common malignant primary brain tumor and remains incurable. Previous work has shown that systemic administration of Dec,B,非目标瘤种/类型(细胞系/处理实验=13),细胞系/处理实验=13,GS025.DMSO.2
GSE240343,200240343,20,"STAG2 mutations and 3D genome organization, chromatin loops, and polycomb signal",2024/05/07,Other; Expression profiling by high throughput sequencing,0.0,Inactivating mutations of genes encoding the cohesin complex are common in a wide range of human cancers. STAG2 is the most commonly mutated subunit. ,A?,摘要含瘤种词(样本标题无特征),-,H4 88-1 replicate 1 [RNA-seq]
GSE230393,200230393,20,Effect of CD97 knockdown or overexpression in patient-derived GBM cultures (PDGC,2023/12/01,Expression profiling by high throughput sequencing,0.0,To investigate differentially expressed genes upon CD97 manipulation in GBM,B,非目标瘤种/类型(细胞系/处理实验=17),细胞系/处理实验=17,PDGC scrambled control (GBML83 SCRsh Rep2)
GSE217344,200217344,20,Rewiring of the promoter-enhancer interactome and regulatory landscape in gliobl,2023/09/12,Genome binding/occupancy profiling by high throughput sequen,90.0,"Glioblastoma (GBM) is the most aggressive of all primary brain tumours. Here, we perform a multi-omics approach to map the promoter-enhancer interacto",E2,非表达谱技术(非Expression类型;ChIP/结合),-,"U3008, cells, GBM (H3K4me3.ChIPseq)"
GSE217035,200217035,20,Rewiring of the promoter-enhancer interactome and regulatory landscape in gliobl,2023/09/12,Genome binding/occupancy profiling by high throughput sequen,90.0,"Glioblastoma (GBM) is the most aggressive of all primary brain tumours. Here, we perform a multi-omics approach to map the promoter-enhancer interacto",E2,非表达谱技术(非Expression类型;ChIP/结合),正常/非肿瘤组织=2,"U3073, cells, GBM (H3K27Me3.ChIPseq)"
GSE217031,200217031,20,Rewiring of the promoter-enhancer interactome and regulatory landscape in gliobl,2023/09/12,Genome binding/occupancy profiling by high throughput sequen,90.0,"Glioblastoma (GBM) is the most aggressive of all primary brain tumours. Here, we perform a multi-omics approach to map the promoter-enhancer interacto",E2,非表达谱技术(非Expression类型;ChIP/结合),正常/非肿瘤组织=2,"U3047, cells, GBM (H3K27Ac.ChIPseq)"
GSE214252,200214252,20,Meta-analysis of glioblastoma tissue RNA-seq datasets points to ferroptosis path,2023/01/05,Non-coding RNA profiling by high throughput sequencing,0.0,"Glioblastoma is a grade IV glioma of heterogeneous nature which complicates disease pathophysiology and biomarker research. Thus, the aim of our meta-",A?,摘要含瘤种词(样本标题无特征),-,T14
GSE159747,200159747,20,Elucidation of the BMI1 interactome identifies novel regulatory roles in gliobla,2021/03/04,Expression profiling by high throughput sequencing,0.0,Glioblastoma (GBM) is the most common and aggressive intrinsic brain tumour in adults. Epigenetic mechanisms controlling normal brain development are ,A?,摘要含瘤种词(样本标题无特征),-,RYB_sample1_3118
GSE138622,200138622,20,Effect of Ephrin-A5 DNA Nanocalipers stimulation of EphA2 receptor signaling in ,2020/04/07,Expression profiling by high throughput sequencing,0.0,Ligand binding induces extensive spatial reorganization and clustering of the EphA2 receptor at the cell membrane. It has previously been shown that t,A?,摘要含瘤种词(样本标题无特征),-,NC-0_4
GSE317370,200317370,20,Co-targeting neurotransmitter signaling and CDK9 to treat diffuse midline glioma,2026/04/24,Genome binding/occupancy profiling by high throughput sequen,0.0,Aberrant neurotransmitter signaling and transcriptional dysregulation are hallmarks of glioma and represent potential therapeutic targets. In this stu,E2,非表达谱技术(非Expression类型;ChIP/结合),细胞系/处理实验=20,"DIPGXIII, H3K4me3, DMSO, rep2"
GSE280973,200280973,20,Transcriptional Regulation of Protein Synthesis by Mediator Kinase Represents a ,2024/12/01,Expression profiling by high throughput sequencing,0.0,MYC-driven medulloblastoma (MB) is a highly aggressive cancer type with poor prognosis and limited treatment options. Through CRISPR-Cas9 screening of,B,非目标瘤种/类型(其他癌种=20),其他癌种=20; 细胞系/处理实验=14,"Medulloblastoma D458 cells, CRISPER-Cas9 knoc"
GSE261512,200261512,20,PRMT5 promotes growth of pediatric high grade glioma [bulk RNA-seq],2024/11/22,Expression profiling by high throughput sequencing,0.0,"Background. Pediatric high-grade gliomas (PHGG) are aggressive, undifferentiated CNS tumors with poor outcomes, for which no standard-of-care drug the",B,非目标瘤种/类型(细胞系/处理实验=20),细胞系/处理实验=20,DIPG13* cells transduced with PRMT targeting 
GSE212671,200212671,20,Transcriptome-wide analysis of CRISPR-edited iPSC-derived glioma models,2024/05/15,Expression profiling by high throughput sequencing,0.0,CRISPR-edited human induced pluripotent stem cell (iPSC)-derived glioma models provide a robust platform to investigate the biology of these aggressiv,B,非目标瘤种/类型(正常/非肿瘤组织=20),正常/非肿瘤组织=20,iPSC-NPC-Xenograft-PCTE biol rep 2
GSE199361,200199361,20,The clinical and molecular characteristics of progressive hypothalamic/optic pat,2022/12/21,Expression profiling by high throughput sequencing,0.0,Unresectable hypothalamic/optic pathway pilocytic astrocytoma (PA) can be challenging to manage due to repeated progressions despite multiple lines of,D,样本标题/摘要无特征词,-,IR23 (RNA-seq)
GSE172363,200172363,20,Combination treatment with BMI1 and MAPK/ERK inhibitors is effective in medullob,2022/02/28,Expression profiling by high throughput sequencing,0.0,"Epigenetic changes play a key role in the pathogenesis of medulloblastoma (MB), the most common malignant pediatric brain tumor. Here we identify a sy",B,非目标瘤种/类型(细胞系/处理实验=8),细胞系/处理实验=8,48h_1299_4_shC_1uM_PTC
GSE185024,200185024,20,Dissecting Super-enhancer driven Transcriptional Dependencies Reveals Novel Onco,2021/10/04,Expression profiling by high throughput sequencing,0.0,Medulloblastoma (MB) is the most common malignant pediatric brain tumor and group 3 subtype (G3-MB) exhibits the worst prognosis. Dissecting super-enh,B,非目标瘤种/类型(细胞系/处理实验=2),细胞系/处理实验=2,D425_THZ1_rep2
GSE199033,200199033,19,Transcriptome and EPIC-based DNA methylation analysis of glioblastoma stem cells,2022/04/15,Expression profiling by high throughput sequencing; Genome b,0.0,This SuperSeries is composed of the SubSeries listed below.,B,非目标瘤种/类型(细胞系/处理实验=11),细胞系/处理实验=11; 非人类模型=4,mRNA-seq: GSC11 sh2 HOXA as2
GSE231859,200231859,19,Tumor and immune cell types interact to produce heterogeneous phenotypes of pedi,2023/11/03,Expression profiling by high throughput sequencing,0.0,Single-cell RNA-Seq was conducted on 19 pediatric high-grade glioma patient samples to study tumor heterogeneity and tumor/immune cell interaction.,C,单细胞/空间数据,-,"Tumor sample 17, scRNA-seq"
GSE225154,200225154,18,Increasing TET expression and 5-hydroxymethylcytosine formation by a carbocyclic,2026/08/06,Methylation profiling by genome tiling array; Expression pro,0.0,"Ten-eleven translocation (TET) enzymes are critical epigenetic regulators, which oxidize the methylated cytosine nucleobase 5-methyl-dC (5mdC) in the ",B,非目标瘤种/类型(细胞系/处理实验=6),细胞系/处理实验=6,MOLM13-DMSO-Replicate3
GSE196383,200196383,18,chromatin landscape and transciptome regulated by RBBP4/p300 complex in glioblas,2026/06/18,Genome binding/occupancy profiling by high throughput sequen,0.0,This SuperSeries is composed of the SubSeries listed below.,D,样本标题/摘要无特征词,-,GBM43shp300 H3K9Ac
GSE324741,200324741,18,Detection of transcriptomic changes in N9 and N33 GBM cells following treatment ,2026/03/18,Expression profiling by high throughput sequencing,0.0,We demonstrated that the cell state of suppressed neurogenesis and precocious astrogenesis in IDH-wildtype glioblastoma (GBM) could be manipulated as ,B,非目标瘤种/类型(细胞系/处理实验=18),细胞系/处理实验=18,"N9 cells, treated with MK+WP+RA, 48h, rep2"
GSE223331,200223331,18,Molecular characterization of glioblatoma tissue samples,2026/01/12,Expression profiling by high throughput sequencing,0.0,Patient-derived glioblastoma tissues were collected from discarded specimens obtained from GBM patients undergoing surgery at UT Health San Antonio un,A?,摘要含瘤种词(样本标题无特征),-,GBM_072512
GSE303079,200303079,18,mTORC1-Driven DDA1 Phosphorylation Promotes DNA Repair and Glioblastoma Progress,2025/07/29,Expression profiling by high throughput sequencing,0.0,"DDA1 is a protein involved in protein degradation, cell cycle regulation, and DNA damage repair. Interestingly, recent studies have revealed its diffe",B,非目标瘤种/类型(细胞系/处理实验=18),细胞系/处理实验=18,LN229 sgCon_3
GSE269419,200269419,18,Molecular recording of cellular protein kinase activity with chemical labeling,2025/05/09,Expression profiling by high throughput sequencing,0.0,Protein kinases control most cellular processes and aberrant kinase activity is involved in numerous diseases. To investigate the link between specifi,D,样本标题/摘要无特征词,-,S24-Kinprolaon_medium_Rep3
GSE289005,200289005,18,Mitochondrial calcium uniporter links acetyl-CoA metabolism and H3K27 acetylatio,2025/02/28,Expression profiling by high throughput sequencing,0.0,"Glioblastoma stem cells (GSCs) exhibit remarkable metabolic and epigenetic adaptability, contributing to therapeutic resistance and tumor recurrence. ",B,非目标瘤种/类型(细胞系/处理实验=18),细胞系/处理实验=18,"T4121 GSCs, shNT-1"
GSE112648,200112648,18,SOXC factors as suppressors modulate Rho activity to promote neuronal reprogramm,2024/11/05,Expression profiling by high throughput sequencing,0.0,Transcriptome changing during neuron reprogramming by NEUROG2 and SOX11 in U251,B,非目标瘤种/类型(细胞系/处理实验=18),细胞系/处理实验=18,RNA1_U251_1DPT
GSE255535,200255535,18,Metabolic regulation of the glioblastoma stem cell epitranscriptome by malate de,2024/10/15,Expression profiling by high throughput sequencing; Other,0.0,Glioblastoma (GBM) ranks among the most lethal of human cancers with current therapies offering only palliation. GBM displays striking intratumoral he,B,非目标瘤种/类型(细胞系/处理实验=18),细胞系/处理实验=18,"GSCs, shCONT set 1"
GSE214968,200214968,18,Effect of Vortioxetine treatment on gene expression of LN-229 glioblastoma cells,2024/07/29,Expression profiling by high throughput sequencing,0.0,The atypical antidepressant Vortioxetine represents the most effective neuroactive drug with anti-glioblastoma efficacy across glioblastoma patient sa,B,非目标瘤种/类型(细胞系/处理实验=18),细胞系/处理实验=18,"LN229, replicate 2, 0 hours"
GSE270465,200270465,18,Rexinoids Induce Differential Gene Expression in Human Glioblastoma Cells,2024/07/03,Expression profiling by high throughput sequencing,0.0,Rexinoids are compounds that bind to the rexinoid X receptor (RXR) to modulate gene expression and have been proposed as a new class of therapeutics t,B,非目标瘤种/类型(细胞系/处理实验=18),细胞系/处理实验=18,U87 A98 rep1
GSE230453,200230453,18,Translocator protein (18kDA) (TSPO) marks mesenchymal glioblastoma cell populati,2023/09/14,Expression profiling by high throughput sequencing,0.0,"TSPO is a promising novel tracer target for positron-emission tomography (PET) imaging of brain tumors. However, due to the heterogeneity of cell popu",A?,摘要含瘤种词(样本标题无特征),-,GBM_17
GSE224692,200224692,18,The Oligostilbene Gnetin-H is a Novel Glycolysis Inhibitor that Regulates Thiore,2023/05/17,Expression profiling by high throughput sequencing,0.0,"Since aerobic glycolysis has been first observed in tumors almost a century ago by Otto Warburg, the field of cancer cell metabolism sparked the inter",B,非目标瘤种/类型(细胞系/处理实验=18),细胞系/处理实验=18,DMSO_Control_BiologicalRepA [PGD-UnA]
GSE213013,200213013,18,"Anti-cancer activity of ST101, a novel antagonist of CCAAT/enhancer binding prot",2022/09/19,Expression profiling by high throughput sequencing,0.0,"To investigate the impact of ST101 on transcriptional activity of C/EBPβ protein, U251, A549 and MCF7 tumor cell lines were exposed to 10µM ST101 for ",B,非目标瘤种/类型(细胞系/处理实验=12),细胞系/处理实验=12,"U251 cells, vehicle, biological replicate 1"
GSE207002,200207002,18,Establishment of radioresistant U87MG glioblastoma cell line,2022/06/29,Expression profiling by high throughput sequencing,0.0,"To explore factors contributing to radioresistance in GBM, we established GBM radioresistant cell line using U87MG human GBM cells.",B,非目标瘤种/类型(细胞系/处理实验=18),细胞系/处理实验=18,"U87MG, radioresistant, bio_rep3, tech_rep3"
GSE159416,200159416,18,The cellular origin and differentiation status of glioblastoma by scRNA-seq,2022/04/19,Expression profiling by high throughput sequencing,0.0,Understanding the cellular origin and differentiation status of glioblastoma is critical to resolve the etiology of the disease. we profile 18 patient,A?,摘要含瘤种词(样本标题无特征),-,KI-013
GSE128255,200128255,18,Norrie Disease Protein (NDP) gene knockdown patient-derived glioblastoma stem ce,2020/03/03,Expression profiling by high throughput sequencing,0.0,RNA-Seq to test differential gene expression in response to Norrie Disease Protein (NDP) gene knockdown glioblastoma stem cells.,B,非目标瘤种/类型(细胞系/处理实验=12),细胞系/处理实验=12,G411 scrambled control replicate 0
GSE134974,200134974,18,Targeting Glioblastoma Stem Cells through Disruption of the Circadian Clock,2019/10/24,Expression profiling by high throughput sequencing; Genome b,0.0,This SuperSeries is composed of the SubSeries listed below.,B,非目标瘤种/类型(细胞系/处理实验=4),细胞系/处理实验=4,GSC_387_Rep1
GSE113261,200113261,18,Mechanosensitive ion channel regulates tissue stiffening to promote glioma aggre,2018/10/18,Expression profiling by high throughput sequencing,0.0,"Tissue stiffening is a physical hallmark of solid tumor. In our study, we found that the mechanosensitive ion channel PIEZO1 can be tumor cells force ",A?,摘要含瘤种词(样本标题无特征),-,G532_KD1_2
GSE115509,200115509,18,mRNA-sequencing of U87 glioblastoma and DAOY medulloblastoma spheroidal aggregat,2018/06/09,Expression profiling by high throughput sequencing,0.0,"Treatment of neuroepithelial cancers remains a daunting clinical challenge, particularly due to an inability to address rampant invasion deep into elo",B,非目标瘤种/类型(细胞系/处理实验=9),细胞系/处理实验=9,"DAOY 2-hour, replicate 2"
GSE311967,200311967,18,A highly abundant circular RNA from the RMST locus plays a role in posterior fos,2025/12/15,Expression profiling by high throughput sequencing,0.0,Pediatric ependymoma (EPN) is one of the most common central nervous system (CNS) cancers in children often accompanied by bad prognosis. The circular,D,样本标题/摘要无特征词,-,"EPD210, KD2, 72 hrs, rep 3"
GSE291046,200291046,18,Targeted inhibition of Bcl-xL following radiation reduces tumourigenesis in prec,2025/07/03,Expression profiling by high throughput sequencing,0.0,Abstract Background: Diffuse midline gliomas (DMGs) with histone H3K27M mutations represent a devastating paediatric brain cancer characterized by aby,B,非目标瘤种/类型(其他癌种=12),其他癌种=12,ICR-B117 Day 1 6 Gy
GSE295254,200295254,18,GSK3 acts as a switch for transcriptional programs in a model of low-grade gliom,2025/04/25,Expression profiling by high throughput sequencing,0.0,"Mutations in isocitrate dehydrogenase (IDH)-1/2 are defining drivers of low-grade gliomagenesis. However, mutant IDH alone is not sufficient for malig",B,非目标瘤种/类型(正常/非肿瘤组织=18),正常/非肿瘤组织=18,"IDH1R132H immortalized human astrocytes, YO-0"
GSE260516,200260516,18,The heterogeneous sensitivity of pediatric brain tumors to different oncolytic v,2024/04/28,Expression profiling by high throughput sequencing,5.6,"Despite decades of research, the prognosis of high-grade pediatric brain tumors (PBTs) remains dismal, however, recent cases of favorable clinical res",B,非目标瘤种/类型(其他癌种=7),其他癌种=7,SU-pcGBM2
GSE230865,200230865,18,PolyA RNA-seq from Medulloblastoma cells ± EYA2 knockdown,2024/04/28,Expression profiling by high throughput sequencing,0.0,Analysis of steady-state mRNA levels in two medulloblastoma-derived cell lines.,B,非目标瘤种/类型(细胞系/处理实验=12),细胞系/处理实验=12,"Group 3 MB D425 cells, EYA2 shRNA#8, rep 3"
GSE231858,200231858,18,Tumor and immune cell types interact to produce heterogeneous phenotypes of pedi,2023/11/03,Expression profiling by high throughput sequencing,0.0,Bulk RNA-Seq of pediatric high-grade glioma patient samples,D,样本标题/摘要无特征词,-,"Tumor sample 11, bulkRNA-seq"
GSE236253,200236253,18,3D gene regulation network in glioma ferroptosis,2023/10/23,Expression profiling by high throughput sequencing; Genome b,0.0,"Erastin is a small molecular compound which inhibits the system Xc- and prevents the import of cystine, reducing glutathione (GSH) biosynthesis and gl",B,非目标瘤种/类型(细胞系/处理实验=18),细胞系/处理实验=18,RNA-Seq of Homo sapiens: U87-WT-Rep2
GSE190936,200190936,18,Elevating SOX2 downregulates MYC through a SOX2:MYC signaling axis and induces a,2022/08/03,Expression profiling by high throughput sequencing,0.0,Quiescent/slowly circling tumor cells present a clinical challenge due to their ability to evade treatement. Recent studies have demonstrated that qui,D,样本标题/摘要无特征词,-,i-SOX2-ONS76 Sample 12
GSE158413,200158413,18,RNAseq of a cohort series of 18 pediatric MBs in Taiwan,2022/05/18,Expression profiling by high throughput sequencing,0.0,"Background: Since 2016, a project for molecular diagnosis of childhood medulloblastoma (MB) was initiated in Taiwan. We aimed to integrate molecular c",D,样本标题/摘要无特征词,-,T1771
GSE189859,200189859,18,Transcriptomic and Epigenomic Profiles of CIC-knockout and IDH1 mutant cells [RN,2021/12/01,Expression profiling by high throughput sequencing,0.0,"Capicua (CIC)’s transcriptional repressor function is implicated in neurodevelopment and in oligodendroglioma (ODG) aetiology. However, CIC’s role in ",D,样本标题/摘要无特征词,-,CIC-KO2 (IDH1-WT) RNA-seq rep 3
GSE242352,200242352,17,Resolving spatial subclonal genomic heterogeneity of loss of heterozygosity and ,2025/01/02,Expression profiling by high throughput sequencing; Other,64.7,"We perform bulk RNA sequencing, tumor/normal DNA sequencing, and spatial transcriptomics on an initial discovery cohort of eleven glioma samples (comp",A?,瘤种词样本65%,-,Glioblastoma A1
GSE185955,200185955,17,Glioblastoma Stem Cells Reprogram Chromatin In Vivo To Generate Selective Therap,2021/10/17,Expression profiling by high throughput sequencing,0.0,Glioblastomas are universally fatal cancers that contain self-renewing glioblastoma stem cells (GSCs) that initiate tumors. Traditional anti-cancer dr,A?,摘要含瘤种词(样本标题无特征),-,1919_shDPY30_CC
GSE297728,200297728,16,Synergistic activity of simvastatin and irinotecan chemotherapy against glioblas,2026/05/20,Expression profiling by high throughput sequencing,0.0,"Glioblastoma (GBM) is the most common and aggressive primary brain tumor, with a dismal prognosis and inevitable recurrence after standard-of-care the",B,非目标瘤种/类型(细胞系/处理实验=4),细胞系/处理实验=4,DMSO_rep1
GSE320375,200320375,16,On-demand GLUT3 expression augments CAR-T cell metabolic fitness and antitumor e,2026/04/16,Expression profiling by high throughput sequencing,0.0,"We show that the dysfunction of CAR-T cells in GBM is attributed to glucose deficiency in the tumor microenvironment (TME) and that on-demand, but not",A?,摘要含瘤种词(样本标题无特征),-,On-d GLUT3 EGFRvIII targeting CAR-T cell-rep 
GSE288846,200288846,16,Engineering a novel HSV-1 strain for oncolytic therapy of solid tumors,2025/04/09,Expression profiling by high throughput sequencing,0.0,"Oncolytic HSV-1 derived viruses are being developed for cancer treatment. Here we describe the isolation of a novel strain of HSV-1, and its engineeri",D,样本标题/摘要无特征词,-,"GBM28 cells, OncoD-2"
GSE291583,200291583,16,IQGAP3 bridges matrix stiffness with cancer stem cell maintenance and radioresis,2025/03/14,Expression profiling by high throughput sequencing,0.0,"Drivers of therapeutic resistance in cancer include evolution of tumor cell heterogeneity and the tumor microenvironment (TME). Here, we found that in",B,非目标瘤种/类型(细胞系/处理实验=16),细胞系/处理实验=16,"GSC MES20, soft-3"
GSE281549,200281549,16,Involvement of p38 MAPK and MAPKAPK2 in promoting cell death and the inflammator,2025/01/22,Expression profiling by high throughput sequencing,0.0,"The association of necrosis in tumors with poor prognosis implies a potential tumor-promoting role. However, the mechanisms underlying cell death in t",B,非目标瘤种/类型(细胞系/处理实验=16),细胞系/处理实验=16,"LN229 cell, Regular culture MK25, Rep1"
GSE277301,200277301,16,Gliocidin is a nicotinamide mimetic prodrug that targets glioblastoma,2024/10/30,Expression profiling by high throughput sequencing,0.0,"Glioblastoma is incurable and in urgent need of improved therapeutics. We identify a small compound, Gliocidin, that kills glioblastoma cells while sp",B,非目标瘤种/类型(细胞系/处理实验=8),细胞系/处理实验=8,"MEF, Gliocidin 12 hr, replicate 1"
GSE271170,200271170,16,Multi-inlet spheroid generator for modeling immune microenvironment of glioblast,2024/07/06,Expression profiling by high throughput sequencing,50.0,"Using the multi-inlet spheroid generator (MSG) platform, we generated stable GBM spheroids and observed their interactions with various immune cells, ",A?,瘤种词样本50%,-,D5 GBM monocultured spheroid
GSE207452,200207452,16,Exosomes targeting Myc reverse the proneural-mesenchymal transition and extend t,2024/04/11,Expression profiling by high throughput sequencing,0.0,Exosomes generated from human bone marrow Mesenchymal Stem cells (MSC) and engineered to encapsulate different anti-Myc siRNAs (iExo-Myc) and scramble,B,非目标瘤种/类型(细胞系/处理实验=16),细胞系/处理实验=16; 非人类模型=16,E985 iExo-Scr#1 treated mouse
GSE254168,200254168,16,Characterizing the Collateral Activity of CRISPR/Cas13 in Mammalian Cells: Impli,2024/01/25,Expression profiling by high throughput sequencing,0.0,"The CRISPR/Cas13 system has garnered attention as a potential tool for RNA editing. However, the degree of collateral activity among various Cas13 ort",B,非目标瘤种/类型(细胞系/处理实验=8),细胞系/处理实验=8,293T-13a-Fluc-NT
GSE217029,200217029,16,Rewiring of the promoter-enhancer interactome and regulatory landscape in gliobl,2023/09/12,Genome binding/occupancy profiling by high throughput sequen,93.8,"Glioblastoma (GBM) is the most aggressive of all primary brain tumours. Here, we perform a multi-omics approach to map the promoter-enhancer interacto",E2,非表达谱技术(非Expression类型;ChIP/结合),正常/非肿瘤组织=1,"U3121, cells, GBM (ATACseq)"
GSE206917,200206917,16,Reduced PGC-1α expression and mitochondrial biogenesis predisposes gliomas to ra,2023/06/01,Expression profiling by high throughput sequencing,0.0,"To investigate the role of mitochondrial metabolic pathways in glioma radioresistance, we established the radioresistant (RR) glioblastoma (GBM) cells",B,非目标瘤种/类型(细胞系/处理实验=12),细胞系/处理实验=12,U87-RR_2
GSE160887,200160887,16,PEN-seq for identifying novel non-coding RNAs and their expression in cultured c,2023/04/10,Non-coding RNA profiling by high throughput sequencing,0.0,Small RNAs between 20-500nt were least explored. Here we used RNase H-based rRNA depletion and a serial of strategies to developed PEN-seq method for ,D,样本标题/摘要无特征词,-,HepG2_rep2
GSE224082,200224082,16,Inhibition of lysine-specific demethylase 1 inhibition in glioblastoma,2023/03/15,Expression profiling by high throughput sequencing,0.0,Investigate transcriptome effects of LSD1 inhibiton via genetic knockdown and small molecule inhibition,D,样本标题/摘要无特征词,-,LN18_LSD1WT_B
GSE183221,200183221,16,Identification of gene expression alteration in macrophage cells with oncolytic ,2022/03/31,Expression profiling by high throughput sequencing,0.0,"To evaluate signaling changes in macrophages upon oHSV treatment, we performed RNA-Seq from co-cultures of human GBM cells with murine macrophages",A?,摘要含瘤种词(样本标题无特征),-,GSI2
GSE111676,200111676,16,Mesenchymal glioblastoma constitutes a major ceRNA signature in the TGF-Beta pat,2021/03/07,Expression profiling by high throughput sequencing; Non-codi,0.0,This SuperSeries is composed of the SubSeries listed below.,B,非目标瘤种/类型(细胞系/处理实验=4),细胞系/处理实验=4,TBD0207_DMSO_1 (miRNA-seq)
GSE143934,200143934,16,The response to the growth inhibitory activity of bone morphogenetic protein 4 i,2020/01/21,Expression profiling by high throughput sequencing,0.0,Glioblastoma multiforme (GBM) continues to have a dismal prognosis. Even though detailed information on the genetic aberrations in cell signaling and ,A?,摘要含瘤种词(样本标题无特征),-,3028-CTRL-BMP4
GSE113816,200113816,16,A novel enhancer regulates MGMT expression and promotes temozolomide resistance ,2018/07/13,Genome binding/occupancy profiling by high throughput sequen,0.0,"Temozolomide (TMZ) has been used for the treatment of glioblastoma (GBM) since last decade, but its treatment benefits are limited by acquired resista",A?,摘要含瘤种词(样本标题无特征),-,5199 Input
GSE53220,200053220,16,Genomic analyses reveal miR-137 broad impact on genes associated with malignant ,2014/02/11,Expression profiling by high throughput sequencing; Other,0.0,miR-137 plays critical roles in the nervous system and tumor development. An increase in its expression is required for neuronal differentiation while,B,非目标瘤种/类型(细胞系/处理实验=16),细胞系/处理实验=16,U343 RNASeq miR137 transfection Rep1
GSE255013,200255013,16,Inhibition of SP/KLF transcription regulatory network and histone deacetylases a,2025/02/20,Expression profiling by high throughput sequencing,0.0,"Diffuse intrinsic pontine gliomas (DIPGs), frequently harboring H3K27M mutations, are lethal pediatric brain tumors within no effective treatment. Her",B,非目标瘤种/类型(其他癌种=16),其他癌种=16,SU-DIPG-XVII_control_rep1
GSE134120,200134120,16,"Combination of epigenetic enzyme inhibitors, GSKJ4 and Belinostat, reveals effic",2024/07/14,Expression profiling by high throughput sequencing,0.0,Mutations in IDH1 and IDH2 genes are very common in low grade gliomas and secondary GBM. They induce hypermethylation of DNA and histones in tumor cel,B,非目标瘤种/类型(细胞系/处理实验=8),细胞系/处理实验=8,MGG152-Bel 2
GSE263796,200263796,16,Gene expression profile at single level of 8 cell lines isolated from IDH1-mutan,2024/05/17,Expression profiling by high throughput sequencing,0.0,Diffuse low-grade gliomas are incurable brain tumours that often carry a mutation in the IDH1 gene. These tumours are heterogeneous and have different,B,非目标瘤种/类型(其他癌种=8),其他癌种=8,LGG275_GF
GSE227718,200227718,16,Single cell RNA-seq analysis of IDH-mutant gliomas,2023/03/25,Expression profiling by high throughput sequencing,0.0,"To analyze the gene expression proflies of oligodendrocyte lineage in IDH-mutant glioma cells, we profiled more than 70000 cells from 16 IDH-mutant gl",C,单细胞/空间数据,-,"sc13, scRNAseq"
GSE137702,200137702,16,Gene expression (RNA-Seq) in pediatric high-grade glioma cell lines treated with,2020/01/06,Expression profiling by high throughput sequencing,0.0,"Cultured pediatric high-grade glioma cell lines (SU-DIPG-IV, HSJD-DIPG-007, HSJD-GBM-001,BT 245 (RRID:CVCL_IP13)) were treated with selinexor (Karyoph",B,非目标瘤种/类型(细胞系/处理实验=16),细胞系/处理实验=16,BT-245-vehicle rep1
GSE287972,200287972,15,BRAF/MEK Inhibition Induces Cell State Transitions Boosting Immune Checkpoint Se,2025/04/25,Expression profiling by high throughput sequencing,0.0,"Resistance to BRAF plus MEK inhibition (BRAFi+MEKi) in BRAFV600E-mutant gliomas drives rebound, progression, and high mortality, yet it remains poorly",B,非目标瘤种/类型(细胞系/处理实验=9),细胞系/处理实验=9,"2341, DMSO, 72hrs, biol rep 2"
GSE229964,200229964,15,Extreme structural heterogeneity rewires glioblastoma chromosomes to sustain pat,2024/03/19,Other,0.0,"Glioblastoma multiforme encompasses a range of brain malignancies marked by phenotypic and transcriptional heterogeneity, which is thought to render t",E2,非表达谱技术(非表达谱),-,G275_CTCF
GSE244666,200244666,15,Dose dependent transcriptional response to ionizing radiation is orchestrated wi,2024/01/29,Expression profiling by high throughput sequencing,0.0,Radiation therapy is commonly used to treat glioblastoma multiforme (GBM) brain tumor. Ionizing radiation (IR) induces dose- specific variations in tr,B,非目标瘤种/类型(细胞系/处理实验=15),细胞系/处理实验=15,"U251, 6Gy II, 6h"
GSE217346,200217346,15,Rewiring of the promoter-enhancer interactome and regulatory landscape in gliobl,2023/09/12,Genome binding/occupancy profiling by high throughput sequen,93.3,"Glioblastoma (GBM) is the most aggressive of all primary brain tumours. Here, we perform a multi-omics approach to map the promoter-enhancer interacto",E2,非表达谱技术(非Expression类型;ChIP/结合),正常/非肿瘤组织=1,"U3009, cells, GBM (HiChIP)"
GSE166979,200166979,15,RNA-seq analysis of ASCL1-induced neuronal differentiation in WT and MED25 knock,2023/06/01,Expression profiling by high throughput sequencing,0.0,Glioblastoma stem cells were infected with lentivirus expressing a control (gRNA-AAVS1) or MED25 targeting gRNA to assess the role of MED25 in the ste,B,非目标瘤种/类型(细胞系/处理实验=15),细胞系/处理实验=15,gRNA-AAVS1-plusDOX-rep3
GSE189781,200189781,15,"Glioblastoma stem cells after treatment with HLM006474, S3I-201 or their combina",2022/01/15,Expression profiling by high throughput sequencing,0.0,"Malignant gliomas, including glioblastoma (GBM), are uniformly lethal with inferior prognosis and lack of effective treatment. Although the H2AZ2 vari",B,非目标瘤种/类型(细胞系/处理实验=3),细胞系/处理实验=3,TS543_STAT3i_2
GSE108862,200108862,15,Next Generation Sequencing Analysis of Human Glioblastoma Transcriptomes And Qua,2020/09/10,Expression profiling by high throughput sequencing,0.0,We report the high-throughput profiling of thirteen human glioblastoma and four pairs of panned(pdgfra+) and supernatant(pdgfra-) human glioma cells. ,A?,摘要含瘤种词(样本标题无特征),-,No84-panned
GSE93991,200093991,15,The transition from proliferation to quiescence in glioblastoma stem-like cells ,2018/05/31,Expression profiling by high throughput sequencing,0.0,Quiescence is a reversible cell-cycle arrest used by Cancer Stem Cells (CSCs) to evade killing following conventional therapies. Quiescent CSCs are th,A?,摘要含瘤种词(样本标题无特征),-,JHHS2_S2
GSE99171,200099171,15,Selectively targeting bromodomain and extraterminal proteins for degradation as ,2018/05/15,Genome binding/occupancy profiling by high throughput sequen,0.0,Purpose: Characterization of mechanism and vulnerability of BET protein dependency in GBM cells.  Methods: ChIP-seq and RNA-seq were performed on GBM ,E2,非表达谱技术(非Expression类型;ChIP/结合),细胞系/处理实验=15,U87_BRD2_dBET6_500nM_2h
GSE205224,200205224,15,H3K27me3 spreading organizes canonical PRC1 chromatin architecture to regulate d,2026/03/09,Other,0.0,Polycomb Repressive Complex 2 (PRC2) deposits H3K27me3 to recruit canonical PRC1 (cPRC1) that establishes repressive heterochromatin. Higher order cPR,E2,非表达谱技术(非表达谱),正常/非肿瘤组织=2,"HSJ019, KO"
GSE227983,200227983,15,Immune and tumor cell landscape in pediatric high grade gliomas,2025/02/17,Expression profiling by high throughput sequencing,0.0,"Single cell RNA-seq profiling of tumor, myeloid, and T cells from fresh pediatric high grade glioma samples",D,样本标题/摘要无特征词,-,H3WT_hemi_P5_R2
GSE243554,200243554,15,PRDM6 promotes medulloblastoma by repressing chromatin accessibility and alterin,2024/07/17,Expression profiling by high throughput sequencing,0.0,"SNCAIP duplication may promote Group 4 medulloblastoma via induction of PRDM6, a poorly characterized member of the PRDF1 and RIZ1 homology domain-con",D,样本标题/摘要无特征词,-,"PRDM6 NES-derived tumor, 94856"
GSE214357,200214357,15,Single nuclei RNA-seq profiles from medulloblastoma tumors with extensive nodula,2023/10/26,Expression profiling by high throughput sequencing,0.0,Medulloblastoma with extensive nodularity (MBEN) are cerebellar tumors with two histologically distinct compartments and varying disease course.  We i,C,单细胞/空间数据,-,MB88_10X
GSE242151,200242151,15,Discovery of a long half-life AURKA inhibitor to treat MYC-amplified solid tumor,2023/09/18,Expression profiling by high throughput sequencing,0.0,Aurora kinase inhibitors such as alisertib can destabilize MYC-family oncoproteins and have demonstrated compelling anti-tumor efficacy. In this study,B,非目标瘤种/类型(细胞系/处理实验=15),细胞系/处理实验=15,"Mock,rep1"
GSE207728,200207728,15,P300-mediated adaptive conversion of glioma stem cells to vascular-like cells in,2022/09/09,Expression profiling by high throughput sequencing,0.0,Purpose: The goal of the experiment is to determine if blocking P300 HAT activity with a small molecule inhibitor C646 reverses the radiation-induced ,D,样本标题/摘要无特征词,-,"408, 8Gy, D7, 2"
GSE163686,200163686,15,Interrogation of the microenvironmental landscape in spinal ependymomas reveals ,2021/09/28,Expression profiling by high throughput sequencing,0.0,"Spinal ependymomas are the most common spinal cord tumors in adults, but their intratumoral cellular heterogeneity has been less studied, and how spin",D,样本标题/摘要无特征词,-,EPN7
GSE292934,200292934,14,Mechanistic deconvolution reveals DHODH as the key target of the KDM4 inhibitor ,2026/03/31,Expression profiling by high throughput sequencing,0.0,"The small molecule QC6352, developed as an inhibitor of the histone demethylase KDM4, exhibits potent anti-cancer activity, and its derivative, zavond",A?,摘要含瘤种词(样本标题无特征),-,UT_24hr_n3
GSE208617,200208617,14,Lysine Degradation Reprograms Tumour Immunity through Histone Crotonylation [ChI,2023/03/16,Genome binding/occupancy profiling by high throughput sequen,0.0,"To understand how GCDH enhances the oncogenic traits in GSCs, we carried out comparative transcriptomic analysis in two patient-derived GSCs (GSC23, G",E2,非表达谱技术(非Expression类型;ChIP/结合),-,0.2mM_Input
GSE181274,200181274,14,Next Generation Sequencing Facilitates Quantitative Analysis of GBM Stem-like Ce,2021/10/13,Expression profiling by high throughput sequencing,14.3,Genome wide expression profiling of glioblastoma stem-like-cells to detect changes in the gene expression after long-time cultuing the cells.,A?,摘要含瘤种词(样本标题无特征),-,"NCH644, X+0"
GSE51281,200051281,14,EGFRvIII/STAT3 targets in glioblastoma pathogenesis,2016/04/13,Expression profiling by high throughput sequencing; Genome b,0.0,Next generation sequencing platforms were used to identify STAT3 targets in the background of EGFRvIII expresssion,B,非目标瘤种/类型(正常/非肿瘤组织=10),正常/非肿瘤组织=10; 细胞系/处理实验=2,Scramble control-EGFRvIII expressing astrocyt
GSE55363,200055363,14,Systematic Mapping of ADAR1 Binding Reveals its Regulatory Roles in Multiple RNA,2015/03/11,Expression profiling by high throughput sequencing,0.0,This SuperSeries is composed of the SubSeries listed below.,D,样本标题/摘要无特征词,-,ADAR1EAA_rep2
GSE274879,200274879,14,Loss of LDOC1 by chromatin compaction in mesenchymal tumor cells is required for,2025/08/06,Expression profiling by high throughput sequencing,0.0,Posterior fossa molecular subtype A (PFA) ependymoma occurs in young children and is the deadliest subtype of pediatric ependymoma. High-risk subtypes,B,非目标瘤种/类型(细胞系/处理实验=14),细胞系/处理实验=14,"MAF-811, Hypoxia, 72 hours, rep3"
GSE241745,200241745,14,Single-cell  transcription and chromatin accessbility profiles of IDH mutant gli,2024/08/06,Expression profiling by high throughput sequencing; Genome b,0.0,"we use single cell RNA-seq and ATAC-seq to understand the cell states and epigenetic states of IDH mutant gliomas, including the condition with DNMT1 ",D,样本标题/摘要无特征词,-,BWH14_primary_scRNA
GSE227644,200227644,14,A multicenter study of poor prognosis chromosome 1q gain and/or 6q loss in poste,2023/06/01,Expression profiling by high throughput sequencing,0.0,"Ependymoma (EPN) posterior fossa group A (PFA) has the highest rate of recurrence and the worst prognosis of all EPN types. At relapse, it is typicall",D,样本标题/摘要无特征词,-,UPN-816-R1
GSE148062,200148062,14,H3K27M in Gliomas Causes a One-step Decrease in H3K27 Methylation and Reduced Sp,2020/11/17,Expression profiling by high throughput sequencing,0.0,The discovery of H3K27M mutations in pediatric gliomas marked a new chapter in cancer epigenetics. Numerous studies have investigated the effect of th,B,非目标瘤种/类型(细胞系/处理实验=14),细胞系/处理实验=14,HSJ019-K27M1_RNA-seq rep1
GSE318564,200318564,13,Mapping the spatial architecture of glioblastoma from core to edge delineates ni,2026/06/12,Expression profiling by high throughput sequencing,0.0,Treatment resistance in glioblastoma (GBM) is largely driven by the extensive multi-level heterogeneity that typifies this disease. Despite significan,A?,摘要含瘤种词(样本标题无特征),-,B183_2
GSE285282,200285282,13,Tumor-infiltrating lymphocytes-derived CD8+ clonotypes infiltrate the tumor tiss,2025/12/02,Other,0.0,"IL-2/IL-15/IL-21-expanded TILs achieved complete tumor regression in a hypermutated glioblastoma patient, overcoming the immunosuppressive microenviro",E2,非表达谱技术(非表达谱),液体活检/血液=2,2 AL CD8 (pbmcs) 22.5.17
GSE188393,200188393,13,Next Generation Sequencing Facilitates Quantitative Analysis of Human Pluripoten,2022/08/02,Expression profiling by high throughput sequencing,0.0,Next-generation sequencing (NGS) has significantly advanced the elucidation of developmental signaling mechanisms that are important for different cel,D,样本标题/摘要无特征词,-,Tumor-Cocultured CLTX-T-CAR Neutrophils 1
GSE165286,200165286,13,MicroRNA-138 Suppresses Glioblastoma Proliferation through Downregulation of CD4,2021/05/01,Expression profiling by high throughput sequencing,0.0,MicroRNA-138 Suppresses Glioblastoma Proliferation through Downregulation of CD44,A?,摘要含瘤种词(样本标题无特征),-,S12_GBM
GSE115397,200115397,13,Non-inflammatory tumor microenvironment of Diffuse Intrinsic Pontine Glioma (DIP,2018/08/23,Expression profiling by high throughput sequencing,0.0,"Diffuse intrinsic pontine glioma (DIPG) is a universally fatal malignancy of the childhood central nervous system, with a median overall survival of 9",B,非目标瘤种/类型(正常/非肿瘤组织=3),正常/非肿瘤组织=3,DIPG32-Pons
GSE217638,200217638,13,Effect of ZIC1 on group 3 medulloblastoma cell lines and granule neuron progenit,2024/09/19,Genome binding/occupancy profiling by high throughput sequen,0.0,Investigate the DNA binding pattern as well as transcriptional consequences of ZIC1 and its medulloblastoma mutants in group 3 medulloblastoma cell li,E2,非表达谱技术(非Expression类型;ChIP/结合),-,GNP_ZIC1NF_WT1_IP_1
GSE228903,200228903,13,"RNA sequencing facilitates quantitative analysis of NPC cells, NPC-KRASG13D, and",2023/04/14,Expression profiling by high throughput sequencing,0.0,"To investigate the function of KRAS activation in the regulation of neoplastic features, we established NPC-KRASG13D cell lines in which KRAS has been",B,非目标瘤种/类型(细胞系/处理实验=12),细胞系/处理实验=12,"NPC-KRAS G13D cells, rep3"
GSE329207,200329207,12,Targeting phosphatidylserine for tumor cell suppression [RNA-seq],2026/08/05,Expression profiling by high throughput sequencing,0.0,"Alterations in lipid metabolism are frequently observed in cancers, playing a pivotal role in tumor cell survival and proliferation. Phosphatidylserin",B,非目标瘤种/类型(细胞系/处理实验=12),细胞系/处理实验=12,"KYSE30 cells, DMSO, 48h, rep1"
GSE327029,200327029,12,KPNA3 drives temozolomide resistance in glioblastoma by upregulating MGMT and ac,2026/07/17,Expression profiling by high throughput sequencing,0.0,"Glioblastoma (GBM) invariably develops resistance to temozolomide (TMZ), the frontline chemotherapeutic agent, leading to treatment failure. The molec",A?,摘要含瘤种词(样本标题无特征),-,U118MGR-2
GSE329419,200329419,12,Glioblastoma cells utilize evolutionarily adapted cell metabolism to promote the,2026/07/15,Expression profiling by high throughput sequencing,0.0,"Glioblastoma is the most aggressive primary brain tumor in adults, with limited therapeutic success and, therefore, poor prognosis. Its malignancy is ",B,非目标瘤种/类型(细胞系/处理实验=12),细胞系/处理实验=12,"Patient-derived GSC, BT12, GFP, 3"
GSE299445,200299445,12,Taxodione Inhibits Glioblastoma Proliferation and Potentiates the Cytotoxicity o,2026/06/12,Expression profiling by high throughput sequencing,0.0,Glioblastoma rapidly acquires resistance to conventional genotoxic therapy. This behavior is closely associated with the enhancement of stem-cell-like,B,非目标瘤种/类型(细胞系/处理实验=12),细胞系/处理实验=12,"U87 cells, compound 1, 3"
GSE330074,200330074,12,Study on the Mechanism of m5C Methyltransferase NSUN3 Remodeling the Glioma Immu,2026/05/11,Expression profiling by high throughput sequencing,0.0,"Glioma is the most common and aggressive malignant tumor in the central nervous system, and its immunosuppressive microenvironment is closely associat",B,非目标瘤种/类型(细胞系/处理实验=12),细胞系/处理实验=12,U251-Si-1
GSE315227,200315227,12,RNA-seq data of PEPD over-expressed vs NC GBM cells,2026/03/15,Expression profiling by high throughput sequencing,0.0,"Peptidase D (PEPD) is a cytosolic metallopeptidase previously reported to interact with nuclear p53, suppressing its phosphorylation and transcription",B,非目标瘤种/类型(细胞系/处理实验=12),细胞系/处理实验=12,T98G-OE-3
GSE316537,200316537,12,SCD1 and SCD5 Modulate PARP-Dependent DNA Repair via Fatty Acid Desaturation in ,2026/03/03,Expression profiling by high throughput sequencing,0.0,Glioblastoma (GBM) relies on fatty acid metabolism to sustain its aggressive growth. While the role of stearoyl-CoA desaturase-1 (SCD1) in GBM is esta,B,非目标瘤种/类型(细胞系/处理实验=12),细胞系/处理实验=12,"GSCs, shControl-2, Day4"
GSE304023,200304023,12,HERC5-HSP60 ISGylation Axis Sustains Mitochondrial Homeostasis in Glioblastoma S,2026/03/01,Expression profiling by high throughput sequencing,0.0,"Glioblastoma (GBM), the most aggressive primary central nervous system (CNS) malignancy, exhibits rapid progression, therapy resistance, and inevitabl",B,非目标瘤种/类型(细胞系/处理实验=12),细胞系/处理实验=12,"GSC3028 cells,shCONT-3"
GSE318552,200318552,12,Early events in transcription and genome organization after STAG2 reconstitution,2026/02/09,Expression profiling by high throughput sequencing,0.0,"Truncating mutations of the tumor suppressor gene STAG2, encoding a component of the chromatin-bound cohesin complex, are present in many human cancer",B,非目标瘤种/类型(细胞系/处理实验=12),细胞系/处理实验=12,"H4, adeno-STAG2, RNA-Seq, rep2"
GSE291427,200291427,12,Nucleoli-localized KANSL2 as an epigenetic regulator of ribosome biogenesis in g,2026/01/26,Expression profiling by high throughput sequencing,0.0,KANSL2 is a subunit of the non-specific lethal (NSL) chromatin-modifying complex involved in epigenetic reprogramming and plays a critical role in tum,A?,摘要含瘤种词(样本标题无特征),-,F18-1_shNT_2
GSE291085,200291085,12,Transcriptomic Profiling of Kinase Inhibitor Treated Cancer Cell Lines Reveals I,2025/12/30,Expression profiling by high throughput sequencing,0.0,"Protein kinases regulate essential cellular processes, including growth, differentiation, and apoptosis, and their dysregulation is implicated in canc",B,非目标瘤种/类型(细胞系/处理实验=8),细胞系/处理实验=8,GSC923 with 1uM Tepotinib replicate 1
GSE280372,200280372,12,ETC-501 is a Brain Penetrant MNK Kinase Inhibitor that Potentiates TMZ-Induced S,2025/12/29,Expression profiling by high throughput sequencing,0.0,"Glioblastoma (GBM) is the deadliest primary brain tumor in adults, with a median survival of only 15 months and fewer than 10% of patients surviving b",B,非目标瘤种/类型(细胞系/处理实验=12),细胞系/处理实验=12,"T98G cells, ETC-501, rep2"
GSE278671,200278671,12,Effect of ATP7A knockdown on gene expression in glioma stem cells,2025/10/14,Expression profiling by high throughput sequencing,0.0,"Copper-related cell death, cuproptosis, involves accumulation of intracellular copper that triggers mitochondrial lipoylated protein aggregation and d",B,非目标瘤种/类型(细胞系/处理实验=12),细胞系/处理实验=12,"GSC387, shCONT, replicate 1"
GSE279420,200279420,12,Histone methyltransferase PRDM9 promotes survival of drug-tolerant persister cel,2025/09/30,Expression profiling by high throughput sequencing,0.0,Chemotherapy often kills a large fraction of cancer cells but leaves behind a small population of drug-tolerant persister cells. These persister cells,A?,摘要含瘤种词(样本标题无特征),-,RKI1 n=1 PRDM9 Knock Out_ UT
GSE262251,200262251,12,Histone methyltransferase PRDM9 promotes survival of drug-tolerant persister cel,2025/09/30,Expression profiling by high throughput sequencing,0.0,Chemotherapy often kills a large fraction of cancer cells but leaves behind a small population of drug-tolerant persister cells. These persister cells,A?,摘要含瘤种词(样本标题无特征),-,CMPD1_n=3
GSE275054,200275054,12,Extrachromosomal DNA Associates with Nuclear Condensates and Reorganizes Chromat,2025/09/18,Other,0.0,"Extrachromosomal, circular DNA (ecDNA) is a prevalent and significant oncogenic alteration in cancer genomes. Its frequency is associated with aggress",E2,非表达谱技术(非表达谱),细胞系/处理实验=12,GBM171DM_ChIA-PET-mock-rep2
GSE305017,200305017,12,Invasive properties of patient-derived glioblastoma cells after reversible elect,2025/08/31,Expression profiling by high throughput sequencing,0.0,"Background. Electroporation-based therapies are being explored in glioblastoma (GB) treatment, as means of enhancing drug delivery or achieving nonthe",B,非目标瘤种/类型(细胞系/处理实验=12),细胞系/处理实验=12,"NIB216 CORE cell line, treated (200V) rep3"
GSE286419,200286419,12,Spatial multi-omics defines a shared glioblastoma infiltrative signature at the ,2025/07/14,Expression profiling by high throughput sequencing,0.0,"Glioblastoma (GBM) remains an untreatable disease. Understanding of GBM’s infiltrative biology at the resection margin is limited, despite causing dis",A?,摘要含瘤种词(样本标题无特征),-,HGG2C(GBM2C)
GSE301544,200301544,12,STAMP: Single-Cell Transcriptomics Analysis and Multimodal Profiling through Ima,2025/07/06,Other,0.0,"Single-cell RNA sequencing (scRNA-seq) has revolutionized our understanding of cellular diversity, but remains constrained by scalability, high costs,",E2,非表达谱技术(非表达谱),-,STAMP_159
GSE253464,200253464,12,Temporal multi-omic profiling reveals chemoradiotherapy-specific dualistic metab,2025/07/02,Expression profiling by high throughput sequencing,100.0,"Tumor recurrence afflicts over 95% of glioblastoma (GBM) patients, contributing to the disease's high fatality rates. To unravel the molecular mechani",E,瘤种词100%但细胞系/处理主导(9),细胞系/处理实验=9,"BT935 patient-derived GBM cells, TMZRT treate"
GSE285565,200285565,12,Effects of PD-L1 silencing on global transcriptomic changes in tumor,2025/05/07,Expression profiling by high throughput sequencing,0.0,"Cancers evade anti-tumor immunity by up-regulation of immune checkpoint molecules, such as programmed cell death 1 ligand 1 (PD-L1), in response to st",D,样本标题/摘要无特征词,-,siPDL1-1-IFN2
GSE263612,200263612,12,Bi-directional immunosuppressive interactions between astrocytes and glioblastom,2025/04/28,Expression profiling by high throughput sequencing,0.0,Glioblastoma (GBM) is the most lethal primary brain malignancy. Immunosuppression in the GBM tumor microenvironment (TME) presents a major barrier to ,A?,摘要含瘤种词(样本标题无特征),-,3_1_2
GSE282387,200282387,12,Temozolomide Induces Glioblastoma Dedifferentiation into Highly Malignant Stem-l,2025/04/23,Expression profiling by high throughput sequencing,0.0,"A critical issue is that recurrent glioblastoma multiforme (GBM) after temozolomide (TMZ) exposure becomes more malignant, exhibiting higher invasion ",B,非目标瘤种/类型(细胞系/处理实验=6),细胞系/处理实验=6,U87_resistant_RNA-seq_2
GSE208074,200208074,12,Low-Intensity Pulsed Ultrasound Effects on the Human Blood Brain Barrier,2024/12/02,Expression profiling by high throughput sequencing,0.0,"Analysis of human peritumoral brain following a low-intensity pulsed ultrasound (LIPU) mediated opening of the blood brain barrier, to enhance the del",C,单细胞/空间数据,-,"Patient 4-1, scRNA-seq"
GSE247079,200247079,12,ZBTB18 hinders cytokine expression to impair microglia and macrophage recruitmen,2024/10/08,Expression profiling by high throughput sequencing,0.0,"Background. Glioma associated macrophages/microglia (GAMs) are massively recruited to the tumor site where they commit to a tumor promoting phenotype,",A?,摘要含瘤种词(样本标题无特征),-,BTSC268_EV_1
GSE227722,200227722,12,Role of ZBTB18 in cytokine production and microglia phenotype in GBM,2024/10/08,Expression profiling by high throughput sequencing,0.0,"Glioma associated macrophages (GAMs) are known to play an important role in glioblastoma progression, due to their massive recruitment in the tumor mi",A?,摘要含瘤种词(样本标题无特征),-,Microglia_EV_03
GSE241247,200241247,12,Effect of medication with Belinostat and Dasatinib on gene expression during MGG,2024/08/01,Expression profiling by high throughput sequencing,0.0,"To evaluate the effects of selected therapeutic drugs focusing on gene expression, we administered drugs to MGG8 GSCs, extracted RNA, and compared the",B,非目标瘤种/类型(细胞系/处理实验=9),细胞系/处理实验=9,MGG8 treated with Belinostat & Dasatinib1
GSE266884,200266884,12,Inhibiting macrophage-derived lactate transport restores cGAS-STING signaling an,2024/06/01,Expression profiling by high throughput sequencing,0.0,Glioblastoma (GBM) is a malignancy with a complex tumour microenvironment (TME) dominated by GBM stem cells (GSCs) and infiltrated by tumour-associate,A?,摘要含瘤种词(样本标题无特征),-,"MES28 cells, shKU70Control-2"
GSE264713,200264713,12,A first comprehensive analysis of Transcribed Ultra Conserved Regions uncovers i,2024/04/30,Expression profiling by high throughput sequencing,0.0,Transcribed Ultra-Conserved Regions (TUCRs) represent a severely understudied class of putative non-coding RNAs (ncRNAs) that are 100% conserved acros,B,非目标瘤种/类型(细胞系/处理实验=12),细胞系/处理实验=12,"A172 cells, uc.110 siRNA-1, sample 4"
GSE229671,200229671,12,Threonine fuels glioblastoma through YRDC-mediated codon-biased translational re,2024/01/06,Expression profiling by high throughput sequencing,0.0,"To understand the underlying mechanism of YRDC, an enzyme catalysing the formation of N6-threonylcarbamoyladenosine (t6A) on ANN-decoding tRNAs, and t",A?,摘要含瘤种词(样本标题无特征),-,KD_3
GSE245634,200245634,12,Hypoxia-induced circPLOD2a/b promote migration and invasion of GBM cells via sup,2023/10/23,Expression profiling by high throughput sequencing,0.0,"Background. Glioblastoma (GBM) is the most lethal form of brain tumors in human adults, and hypoxia is a common microenvironment in this disease. Circ",B,非目标瘤种/类型(细胞系/处理实验=12),细胞系/处理实验=12,"U87,circPLOD2b-NC, rep3"
GSE208634,200208634,12,Effect of IDH1 mutation induced by doxycycline on gene expression during VSVΔ51 ,2023/09/19,Expression profiling by high throughput sequencing,0.0,"To investigate whether IDH1 mutation influence the effects of oncolytic virus VSVΔ51, we transduced doxycycline-inducible IDH1-R132H lentiviruses into",D,样本标题/摘要无特征词,-,"LN-229-TRE-R132H cells, control, biol rep 2"
GSE230661,200230661,12,Uncovering transcriptomic landscape alterations of CAN-2409 in in vitro and in v,2023/08/25,Expression profiling by high throughput sequencing,0.0,"Rationale: CAN-2409 is a locally delivered oncolytic therapy, which results in vaccination against the injected tumor. CAN-2409  consists of a non-rep",A?,摘要含瘤种词(样本标题无特征),-,C5L
GSE226647,200226647,12,Identification of Human Pluripotent Stem Cell Derived Astrocytic Progenitors tha,2023/05/31,Expression profiling by high throughput sequencing,0.0,To investigate the heterogeneity of astrocyte progenitor subtypes present during human astrocyte differentiation that share molecular similarities wit,A?,摘要含瘤种词(样本标题无特征),-,LBF_Ast_CD51P_CD71P_CD63P_2
GSE226757,200226757,12,Differential transcriptome responses in human THP-1 macrophages following exposu,2023/03/13,Expression profiling by high throughput sequencing,0.0,We first describe a methods approach to differentiating THP-1 monocytes to macrophages with M0-like genotype. Then we describe the effect that differe,A?,泛瘤种词样本50%(非精确瘤种),细胞系/处理实验=6,"THP1 cells, undifferentiated monocytes, rep 1"
GSE211554,200211554,12,RNA sequencing of tumor tissues from 12 glioblastoma patients,2022/09/01,Expression profiling by high throughput sequencing,100.0,We performed RNA sequencing on tumor samples from 12 glioblastoma patients to compare differences in gene expression between tumors,A,瘤种词样本100%,-,glioblastoma tissue 12t
GSE208773,200208773,12,Exploring the Mechanism of Adjuvant Treatment of Glioblas-toma Using Temozolomid,2022/07/26,Expression profiling by high throughput sequencing,0.0,To investigate the changes of the transcriptome and relevent signalling between control and metformin treated glioblastoma cell line.,B,非目标瘤种/类型(细胞系/处理实验=12),细胞系/处理实验=12,"LN229, metformin 5"
GSE207046,200207046,12,DAXX-ATRX-H3.3 Regulation of p53 Chromatin Binding and DNA Damage Response [ATAC,2022/07/19,Genome binding/occupancy profiling by high throughput sequen,0.0,DAXX and ATRX are tumor suppressor proteins that form a complex with histone H3.3 chaperone and are frequently mutated in cancers with the alternative,E2,非表达谱技术(非Expression类型;ChIP/结合),细胞系/处理实验=12,"ATAC: DAXX/ATRX WT, untreated, replicate 2"
GSE199862,200199862,12,Chronically radiation-exposed survivor GBM cells display poor response to Chk1 i,2022/07/13,Expression profiling by high throughput sequencing,0.0,"To investigate radiation response of reccurent glioblastoma models after radiotherapy, we have utilized clinically relevant radioresistant cell model.",A?,摘要含瘤种词(样本标题无特征),-,U373-2
GSE155836,200155836,12,RNA-seq of YY1 knockdown and alvocidib treatment in glioblastoma stem cells,2022/06/01,Expression profiling by high throughput sequencing,0.0,RNA-seq of YY1 knockdown and alvocidib treatment in glioblastoma stem cells,B,非目标瘤种/类型(细胞系/处理实验=12),细胞系/处理实验=12,GSC3028_shYY1_RNA-seq
GSE175863,200175863,12,CHMP2A regulates tumor sensitivity to natural killer cell-mediated cytotoxicity ,2021/06/02,Expression profiling by high throughput sequencing,0.0,We report the application of a two-cell -type whole genome KO CRISPR screen to find new moecular targets that increase the sensitivity or resistance t,B,非目标瘤种/类型(细胞系/处理实验=8),细胞系/处理实验=8,387_SgNT-1
GSE148542,200148542,12,YTHDF1 suppresses innate immune responses by promoting induction of A-to-I RNA e,2021/05/14,Expression profiling by high throughput sequencing,0.0,"In this study, we show that the m6A modification promotes translation of the ADAR1 transcript, which encodes an A-to-I RNA editing enzyme, in response",D,样本标题/摘要无特征词,-,siYTHDF1_IFN_rep3
GSE140441,200140441,12,EGFR/FOXO3a/BIM signalling pathway determines chemosensitivity of BMP4-different,2021/05/05,Expression profiling by high throughput sequencing,0.0,"Accumulating evidence suggests that glioma stem cells (GSCs), rare cells characterised by pluripotency and self-renewal, are responsible for glioblast",B,非目标瘤种/类型(细胞系/处理实验=4),细胞系/处理实验=4,L0125_BMP4_rep1_RNAseq
GSE161440,200161440,12,Chromatin states and Transcriptome in in glioblastoma stem cells,2021/03/09,Expression profiling by high throughput sequencing; Genome b,0.0,This SuperSeries is composed of the SubSeries listed below.,B,非目标瘤种/类型(细胞系/处理实验=12),细胞系/处理实验=12,ChIP-seq: GSC6  NS H3K27ac
GSE165037,200165037,12,Single Cell Analysis of Chromatin Accessibility Reveals Genetic and Regulatory H,2021/01/19,Expression profiling by high throughput sequencing; Genome b,0.0,"Intra-tumoral heterogeneity is a key contributor to therapeutic failure in glioblastomas, the most common form of primary adult brain cancer.  To bett",C,单细胞/空间数据,-,GBM11_IDHMT_snRNA
GSE138077,200138077,12,Genome-wide transcriptomic analysis in pediatric glioblastomas cell lines by RNA,2020/08/10,Expression profiling by high throughput sequencing,0.0,"We identified that RACK7 recognizes the histone H3.3G34R mutaion in vitro and in vivo. In order to explore the function of RACK7 and H3.3G34R mutaion,",B,非目标瘤种/类型(细胞系/处理实验=12),细胞系/处理实验=12,R6-RACK7 KO-rep1
GSE137454,200137454,12,Long noncoding RNA INCA1 regulates tumor interferon signaling,2020/07/29,Non-coding RNA profiling by high throughput sequencing,0.0,Tumor interferon signaling regulates the expression of immunosuppressive molecules and promotes cancer immune evasion. Although the role of long nonco,D,样本标题/摘要无特征词,-,shINCA1-C3
GSE139233,200139233,12,Hypoxia-Acidosis translation efficiency (TE) and mRNA expression analysis,2020/04/23,Expression profiling by high throughput sequencing,0.0,"mRNA TE and steady-state levels were measured in normoxic, normoxia-acidosis, hypoxia, hypoxia acidosis U87MG from RNA seq of ribosome density fractio",D,样本标题/摘要无特征词,-,Normoxia-Acidosis-Oligosome (NAO)
GSE138620,200138620,12,Effect of IgG-clustered Ephrin-A5 stimulation on EphA2 signaling in MDA-MB-231 a,2020/04/07,Expression profiling by high throughput sequencing,0.0,Ligand binding induces extensive spatial reorganization and clustering of the EphA2 receptor at the cell membrane. It has previously been shown that t,B,非目标瘤种/类型(细胞系/处理实验=6),细胞系/处理实验=6,U3013_ctrl_1
GSE141946,200141946,12,Single Cell RNA-seq of Glioblastoma Tumors and GBOs,2019/12/26,Expression profiling by high throughput sequencing,0.0,Analysis of glioblastoma tissue and corresponding glioblastoma organoids by single cell RNA sequencing.,C,单细胞/空间数据,-,Single cells UP-8165C 24wk
GSE114574,200114574,12,Quiescent glioblastoma cells shift to an epithelial-mesenchymal transition-like ,2019/04/22,Expression profiling by high throughput sequencing,0.0,"Quiescent stem cells of glioblastoma (GBM), a malignant primary brain tumor, are potential sources for recurrence after therapy. However, the gene exp",A?,摘要含瘤种词(样本标题无特征),-,GFP_low_2w2w_Sample3
GSE125243,200125243,12,A Novel Glioma-specific Enhancer Maintains Glioma Temozolomide Sensitivity By Re,2019/01/18,Expression profiling by high throughput sequencing; Other,0.0,"In this study, we report the identification of a glioma-specific enhancer that confers sensitivity to TMZ by upregulation of the mitogen-associated pr",B,非目标瘤种/类型(细胞系/处理实验=12),细胞系/处理实验=12,TMZ_U251 replicate 1
GSE112241,200112241,12,MicroRNAs reinforce repression of PRC2 transcriptional targets independently and,2019/01/09,Expression profiling by high throughput sequencing,0.0,We performed RNA-seq to identify differentially expressed genes in response to knockout of EZH2 and global miRNA knockdown (VP55 overexpressed) in T98,B,非目标瘤种/类型(细胞系/处理实验=8),细胞系/处理实验=8,EZH2-/- - Dox (VP55 overexpression) replicate
GSE82183,200082183,12,Next Generation Sequencing Facilitates Quantitative Analysis of human patient de,2018/06/27,Expression profiling by high throughput sequencing,0.0,Purpose: Next-generation sequencing (NGS) has revolutionized systems-based analysis of cellular pathways. The goals of this study are to compare GBM t,B,非目标瘤种/类型(细胞系/处理实验=6),细胞系/处理实验=6,GBM9sh2
GSE99175,200099175,12,Selectively targeting bromodomain and extraterminal proteins for degradation as ,2018/05/15,Expression profiling by high throughput sequencing,0.0,Purpose: Characterization of mechanism and vulnerability of BET protein dependency in GBM cells.  Methods: ChIP-seq and RNA-seq were performed on GBM ,B,非目标瘤种/类型(细胞系/处理实验=12),细胞系/处理实验=12,U87P_dBET6_1000nM_24h_rep2
GSE87615,200087615,12,ASCL1 mediates neuronal differentiation of primary GBM stem cell cultures upon N,2017/07/13,Expression profiling by high throughput sequencing,0.0,ASCL1 mediates neuronal differentiation of GBM stem cell (GSC) cultures upon Notch signalling inhibition. We sought to identify gene expression change,B,非目标瘤种/类型(细胞系/处理实验=12),细胞系/处理实验=12,ASCL1-KO control treatment rep3
GSE99180,200099180,12,"CD133hi, Notchhi, DP (double positive) and DN (double negative) in GBML8 and GBM",2017/05/22,Expression profiling by high throughput sequencing,0.0,"CD133hi, Notchhi, DP and DN cells were FACS-isolated from GBML8 and GBML20 cultures and analyzed with RNA-seq, in order to find cell type-specific gen",D,样本标题/摘要无特征词,-,GBML8 Notchhi sample 2
GSE96682,200096682,12,Prospective Isolation and Comparison of Human Germinal Matrix and Glioblastoma E,2017/04/20,Expression profiling by high throughput sequencing,50.0,Characterization of non-neoplastic and malignant human stem cell populations in their native state can provide new insights into gliomagenesis. Here w,A?,瘤种词样本50%,-,EGFR- from Glioblastoma replicate1
GSE80137,200080137,12,HLA peptides derived from tumor antigens induced by inhibition of DNA methylatio,2016/07/19,Expression profiling by high throughput sequencing,0.0,"Treatment of cancer cells with anti-cancer drugs often fails to achieve complete remission. Yet, such drug treatments may induce alteration in the tum",B,非目标瘤种/类型(细胞系/处理实验=4),细胞系/处理实验=4,U-87_DAC_22-3-15
GSE79735,200079735,12,RNA-seq Profiles in RBPJ Maintains Brain Tumor Initiating Cells through CDK9-med,2016/05/01,Expression profiling by high throughput sequencing,0.0,"Glioblastomas coopt stem cell regulatory pathways to maintain brain tumor initiating cells (BTICs), also known as cancer stem cells.  Notch signaling ",B,非目标瘤种/类型(细胞系/处理实验=4),细胞系/处理实验=4,3691_NT
GSE55362,200055362,12,Systematic Mapping of ADAR1 Binding Reveals its Regulatory Roles in Multiple RNA,2015/03/11,Non-coding RNA profiling by high throughput sequencing,0.0,ADARs are the primary factors underlying A-to-I editing in metazoans. We conducted the first global study of ADAR1-RNA interaction in human cells usin,D,样本标题/摘要无特征词,-,siADAR1_rep1
GSE325366,200325366,12,A positive feedback loop between BACH1 and IL-1β promotes the progression of HPV,2026/07/22,Expression profiling by high throughput sequencing,0.0,Human papillomavirus (HPV)-negative head and neck squamous cell carcinoma (HNSCC) is associated with a poorer prognosis compared to its HPV-positive c,D,样本标题/摘要无特征词,-,BACH_3
GSE301461,200301461,12,IDH1-R132H Enhances Oncolytic HSV-1 Therapy by Facilitating Viral Entry and Immu,2026/05/08,Expression profiling by high throughput sequencing,0.0,"Oncolytic virotherapy represents a promising yet under-explored approach for precision cancer treatment, particularly when tailored to tumor-specific ",B,非目标瘤种/类型(细胞系/处理实验=12),细胞系/处理实验=12,"MGG8 cells, IDH1-wildtype, vehicle treated_2"
GSE215220,200215220,12,RNA-Seq of VUMC-DIPG10 and HSJD-DIPG007 human diffuse intrinsic pontine glioma c,2026/01/11,Expression profiling by high throughput sequencing,0.0,We report the application of RNA-sequencing of VUMC-DIPG10 and HSJD-DIPG007 human diffuse intrinsic pontine glioma cells treated with copper chelator ,D,样本标题/摘要无特征词,-,DIPG010_TEPA_rep2
GSE291915,200291915,12,The Hira complex regulates Gli3R-dependent transcription in Hedgehog signaling a,2025/03/18,Expression profiling by high throughput sequencing,0.0,Regulation of the Hedgehog pathway activity may be supported by coactivators and corepresors of its main effectors- Gli transcription factors. While a,B,非目标瘤种/类型(细胞系/处理实验=12),细胞系/处理实验=12,DAOY cells with Hira loss-of-function treated
GSE273794,200273794,12,Multi-omic Analysis of an Mucolipidosis II Neuronal Cell Model Uncovers Involvem,2024/10/28,Expression profiling by high throughput sequencing,0.0,Defining the molecular consequences of lysosomal dysfunction in neuronal cell types remains an area of investigation that is needed to understand many,D,样本标题/摘要无特征词,-,Parental Daoy 2
GSE270924,200270924,12,SW1783_Discovery and utilization study of the dominant pharmacological action or,2024/07/05,Expression profiling by high throughput sequencing,0.0,This study aimed to identify the modes of action (MOA) of Aconitum carmichaeli Debeaux water extract (ACDW) in SW1783 cell line.,B,非目标瘤种/类型(细胞系/处理实验=3),细胞系/处理实验=3,SW1783 Water extract of Aconitum carmichaeli 
GSE264723,200264723,12,Mutant IDH1 inhibition induces dsDNA sensing to activate tumor immunity [human_g,2024/04/28,Expression profiling by high throughput sequencing,0.0,Isocitrate Dehydrogenase 1 (IDH1) is the most commonly mutated metabolic gene across human cancers. Mutant IDH1 (mIDH1) generates the oncometabolite (,B,非目标瘤种/类型(细胞系/处理实验=3),细胞系/处理实验=3,"RNA-seq, MGG152 in vitro, IFNg, Replicate 3"
GSE225375,200225375,12,MYC confers vulnerability to dual inhibition of CDK12 and CDK13 in high-risk Gro,2023/09/13,Expression profiling by high throughput sequencing,0.0,"To investigate the effect of CDK12/13 inhibition and MYC over-expression on gene expression of high-risk Group 3 medulloblastoma cells, we established",B,非目标瘤种/类型(细胞系/处理实验=3),细胞系/处理实验=3,D341 cells_DMSO_Rep1
GSE157506,200157506,12,RNA-Seq data of human glioma stem cells and fetal neural stem cells after knockd,2023/08/22,Expression profiling by high throughput sequencing,0.0,We report the effects of knockdown of Cancer Stem Cell Specific Distal Enhancer of Sox2 (CASCADES) in human glioma stem cells and fetal neural stem ce,B,非目标瘤种/类型(细胞系/处理实验=6),细胞系/处理实验=6,HF_SC_1
GSE235828,200235828,12,Effect of IGF2BP3 in the development of glioma,2023/06/29,Expression profiling by high throughput sequencing,0.0,"To investigate the  function IGF2BP3 in the regulation of tumor occurrence and development, we established 4 U87MG cell lines in which IGF2BP3 gene ha",D,样本标题/摘要无特征词,-,OE_NC_2
GSE189643,200189643,12,"A lncRNA, SPRIGHTLY, interacts with Polypyrimidine Tract Binding Protein 1 (PTBP",2022/10/31,Expression profiling by high throughput sequencing,0.0,"During the course of surveying Medulloblastoma (MB) group specific lncRNAs, we found that SPRIGHTLY was highly upregulated in group 4 cell lines and p",B,非目标瘤种/类型(细胞系/处理实验=12),细胞系/处理实验=12,CHLA01/IT1 del cell line_RNA-seq rep2
GSE207729,200207729,12,P300-mediated adaptive conversion of glioma stem cells to vascular-like cells in,2022/09/09,Expression profiling by high throughput sequencing,0.0,"Purpose: The goal of the study is to determine the transcriptional changes associated with non-radiated cells, radiated cells, and sorted non-radiated",B,非目标瘤种/类型(细胞系/处理实验=12),细胞系/处理实验=12,"408, 0 Gy, VMC, Day 7, rep1"
GSE207727,200207727,12,P300-mediated adaptive conversion of glioma stem cells to vascular-like cells in,2022/09/09,Expression profiling by high throughput sequencing,100.0,Purpose: The goal of the study is to determine the global transcriptomic changes occuring post-radiation in cultured patient-derived gliomaspheres,A,瘤种词样本100%,-,"408, GBM, 8Gy, Day7-1"
GSE182280,200182280,12,A nuclear function for an oncogenic microRNA as a modulator of snRNA and splicin,2022/01/19,Expression profiling by high throughput sequencing,0.0,miRNAs are regulatory transcripts established as repressors of mRNA stability and translation. Here we demonstrate that an oncomiR-10b binds to U6 snR,B,非目标瘤种/类型(细胞系/处理实验=6),细胞系/处理实验=6,RNAseq_GBM4_Scr_for_miR10b_rep2
GSE139016,200139016,12,Alcohol-abuse drug disulfiram targets pediatric glioma via MLL degradation,2019/12/20,Expression profiling by high throughput sequencing,0.0,"RNA-seq analysis was performed to compare gene expression of glioma cells with MLL1 and MLL2 knockdown, and control glioma cells.",B,非目标瘤种/类型(细胞系/处理实验=12),细胞系/处理实验=12,SF188_MLL1_MLL2_siRNA_3
GSE138863,200138863,12,Effect of disulfiram treatment on pediatric high grade glioma,2019/10/16,Expression profiling by high throughput sequencing,0.0,RNA-seq analysis was performed to compare gene expression between glioma cells treated with disulfiram and untreated glioma cells.,D,样本标题/摘要无特征词,-,SF188_DSF_2
GSE193884,200193884,11,Single-cell landscapes of primary glioblastomas and matched organoids and cell l,2022/02/16,Expression profiling by high throughput sequencing,0.0,Glioblastomas (GBMs) are aggressive primary malignant brain tumors characterized by extensive levels of inter- and intra-tumor genetic and phenotypic ,A?,摘要含瘤种词(样本标题无特征),-,JK142_gen1
GSE159605,200159605,11,A novel patient stratification strategy to enhance the therapeutic efficacy of d,2020/10/20,Expression profiling by array,0.0,Abstract. Background: Glioblastoma is the most common primary malignancy of the central nervous system with dismal prognosis. Differential gene expres,B,非目标瘤种/类型(细胞系/处理实验=6),细胞系/处理实验=6,711 Dasa 1µM rep 2
GSE149485,200149485,11,A simple and highly efficient method for multi-allelic CRISPR-Cas9 editing in pr,2020/06/01,Expression profiling by high throughput sequencing,0.0,"Background: CRISPR-Cas9-based technologies have revolutionized experimental manipulation of mammalian genomes. None-the-less, limitations of the deliv",B,非目标瘤种/类型(细胞系/处理实验=9),细胞系/处理实验=9,NSC-CB660-TERT sgTP53 replicate 2
GSE117632,200117632,11,N6-methyladenine DNA Modification in Glioblastoma [RNA-seq],2018/11/01,Expression profiling by high throughput sequencing,0.0,Genetic drivers of cancer can be dysregulated through epigenetic modifications of DNA. While the critical role of DNA 5-methylcytosine (5mC) in the re,A?,摘要含瘤种词(样本标题无特征),-,387_shALKBH1.1551_Normoxia
GSE96088,200096088,11,ASCL1 defines differentiation-competent GBM cells and directs neoplastic cells t,2017/07/21,Genome binding/occupancy profiling by high throughput sequen,0.0,"We identified a subgroup of patient-derived glioblastoma (GBM) cells that express high levels of the neurogenic transcription factor, ASCL1, which pre",E2,非表达谱技术(非Expression类型;ChIP/结合),-,G549 ATAC-seq
GSE205248,200205248,11,H3K27me3 spreading organizes canonical PRC1 chromatin architecture to regulate d,2026/03/09,Expression profiling by high throughput sequencing,0.0,Polycomb Repressive Complex 2 (PRC2) deposits H3K27me3 to recruit canonical PRC1 (cPRC1) that establishes repressive heterochromatin. Higher order cPR,D,样本标题/摘要无特征词,-,"HSJ019, K27M, replicate 2"
GSE217718,200217718,11,The characteristic of gene expression in htNSC senescence process due to ACP cys,2023/04/12,Expression profiling by high throughput sequencing,0.0,"To determine whether ISR signaling participates in inhibiting htNSC function due to cystic fluid or ox-LDL, we used an unbiased RNA sequencing (RNA-se",D,样本标题/摘要无特征词,-,htNSCs_3
GSE338105,200338105,10,Bulk RNA-seq of U251N orthotopic glioblastoma xenografts in athymic RNU/RNU rats,2026/07/17,Expression profiling by high throughput sequencing,0.0,"Laser interstitial thermal therapy (LITT) is increasingly used for deep-seated and recurrent glioblastoma, but the transcriptional state of cells that",B,非目标瘤种/类型(细胞系/处理实验=10),细胞系/处理实验=10,U251 primary (pre-LITT) [IL68B]
GSE300218,200300218,10,Persistent chromatin alterations and gene expression reprogramming follow widesp,2026/06/29,Expression profiling by high throughput sequencing,0.0,"We introduced hundreds of CRISPR–Cas9-mediated DNA double-strand breaks (DSBs) into glioblastoma stem-like cells and tracked chromatin, transcriptiona",B,非目标瘤种/类型(细胞系/处理实验=10),细胞系/处理实验=10,GSC20 mtg142 2wk rep B
GSE300769,200300769,10,Persistent chromatin alterations and gene expression reprogramming follow widesp,2026/06/01,Other,0.0,"We introduced hundreds of CRISPR–Cas9-mediated DNA double-strand breaks (DSBs) into glioblastoma stem-like cells and tracked chromatin, transcriptiona",E2,非表达谱技术(非表达谱),细胞系/处理实验=10,HiC GSC20 mtg142 3hr rep A
GSE274135,200274135,10,NANP Targeting Radio-sensitizes Glioblastoma through TNFR1 Sialylation-Driven Me,2025/12/07,Expression profiling by high throughput sequencing,0.0,"GBM remains a highly devasting brain tumor mainly due to the resistance to radiotherapy (RT), the most impactful first-line treatment for GBM. Our clo",B,非目标瘤种/类型(细胞系/处理实验=10),细胞系/处理实验=10,GSC11_shNANP-1_rep1
GSE285290,200285290,10,Identification of  miRNAs as promising biomarkers for diagnosis with combined an,2025/04/02,Expression profiling by high throughput sequencing,50.0,Applying Next Generation Sequencing technique we compared the mRNA expression pattern of tumor tissue sample of 5 GPs and peritumoral region of 5 lowe,A?,瘤种词样本50%,细胞系/处理实验=10,"Brain, glioblastoma, rep6 (RNA-seq)"
GSE260526,200260526,10,Three-dimensional regulatory hubs support oncogenic programs in glioblastoma ,2025/03/06,Expression profiling by high throughput sequencing,0.0,Enhancer-promoter communication in the context of the three-dimensional (3D) nucleus is critical for the regulation of transcriptional programs specif,B,非目标瘤种/类型(细胞系/处理实验=8),细胞系/处理实验=8,GSC1206-RNA-seq-replicate1
GSE276177,200276177,10,Divergence from the human astrocyte developmental trajectory in glioblastoma,2024/10/31,Expression profiling by high throughput sequencing; Genome b,0.0,Glioblastoma (GBM) is defined by heterogenous and resilient cell populations that closely reflect neurodevelopmental cell types. While it is clear tha,A?,摘要含瘤种词(样本标题无特征),-,"sn-RNA-seq, GBM25, margin"
GSE241039,200241039,10,Developing enhanced immunotherapy using NKG2A knockout human pluripotent stem ce,2024/10/18,Expression profiling by high throughput sequencing,0.0,"Cancer immunotherapy is gaining increasing attention. However, immune checkpoints are exploited by cancer cells to evade anti-tumor immunotherapy. Her",B,非目标瘤种/类型(细胞系/处理实验=8),液体活检/血液=3; 细胞系/处理实验=8,PBMC rep3
GSE199143,200199143,10,RNA-seq and ChIP-seq in HepG2 hepatocellular carcinoma and U87 glioblastoma cell,2022/12/28,Expression profiling by high throughput sequencing; Genome b,0.0,This dataset examined the effect of ACTR5 knockdown in HepG2 and U87 cells. The gene expression profiling (RNA-seq) and the chromatin targeting of ACT,B,非目标瘤种/类型(细胞系/处理实验=8),细胞系/处理实验=8,RNAseq_HepG2_sgiNTC_2
GSE196141,200196141,10,RNA-seq analysis of glioblastoma stem cells where MEOX2 expression was knocked d,2022/05/18,Expression profiling by high throughput sequencing,0.0,"The most widely accepted hypothesis about glioblastoma onset indicates glioblastoma stem-like cells (GSCs) as the cells of origin, also responsible fo",B,非目标瘤种/类型(细胞系/处理实验=6),细胞系/处理实验=6,BT273 shRNA18-1
GSE181378,200181378,10,LSD1-directed therapy affects glioblastoma tumorigenicity by deregulating the pr,2022/01/10,Expression profiling by high throughput sequencing,0.0,Tumor-initiating cells (TICs) play a critical role in glioblastoma (GBM) maintenance being responsible for its heterogeneity and resistance to standar,B,非目标瘤种/类型(细胞系/处理实验=5),细胞系/处理实验=5,vehicle_rep2
GSE158803,200158803,10,A Single-Cell Tumor Immune Atlas for Precision Oncology,2020/10/27,Expression profiling by high throughput sequencing,0.0,"The tumor immune microenvironment is a main contributor to cancer progression and a promising therapeutic target for oncology. However, immune microen",B,非目标瘤种/类型(非人类模型=3),其他癌种=1; 非人类模型=3,"liver metastasis, patient 1, CD45 enriched"
GSE147595,200147595,10,Attenuating Hypoxia Driven Malignant Behavior in Glioblastoma with a Novel Hypox,2020/09/10,Expression profiling by high throughput sequencing,0.0,Attenuating Hypoxia Driven Malignant Behavior in Glioblastoma with a Novel Hypoxia-Inducible Factor 2 Alpha Inhibitor,A?,摘要含瘤种词(样本标题无特征),-,10_12_29_17_2L
GSE146197,200146197,10,IL-6 derived from therapy-induced senescence facilitates the glycolytic phenotyp,2020/03/03,Expression profiling by high throughput sequencing,0.0,"In this study, we aimed to determine the fate of GBM cells following cAMP-induced differentiation. We assessed the effect of dbcAMP treatment on the g",A?,摘要含瘤种词(样本标题无特征),-,D5
GSE125587,200125587,10,Ex vivo Dynamics of Human Glioblastoma Cells in a Microvasculature-on-a-Chip Sys,2019/02/15,Expression profiling by high throughput sequencing,0.0,"The perivascular niche (PVN) plays an essential role in brain tumor stem-like cell (BTSC) fate control, tumor invasion, and therapeutic resistance. We",A?,摘要含瘤种词(样本标题无特征),-,GBM5
GSE302514,200302514,10,Tonic Signaling Shaped by Epitope Targeting Governs CAR-T Cell Fitness and Antit,2025/12/04,Expression profiling by high throughput sequencing,0.0,"We systematically evaluated B7-H3–targeting CAR-T cells derived from three monoclonal antibodies (376.96, MGA271, and Hu8H9) in diffuse midline glioma",D,样本标题/摘要无特征词,-,Hu8H9-1
GSE214804,200214804,10,Whole proteome and transcriptome analysis of cancer-derived EVs overlap in speci,2025/04/22,Expression profiling by high throughput sequencing,0.0,"Extracellular Vesicles (EVs) are particles of different sizes, covered by a lipid bilayer membrane and containing highly heterogeneous cargo. Cancer c",D,样本标题/摘要无特征词,-,PC3_100K_set1
GSE250466,200250466,10,Oncohistone H3.3K27M-driven CREB5/ID1 Axis Mediates the Malignant Cell States of,2025/02/03,Expression profiling by high throughput sequencing,0.0,"Diffuse intrinsic pontine glioma (DIPG), an exceptionally lethal pediatric cancer with limited treatment options, is characterized by relentless proli",B,非目标瘤种/类型(细胞系/处理实验=3),细胞系/处理实验=3,WT_RNAseq_rep1
GSE260928,200260928,10,Mutant IDH inhibitors induce lineage differentiation in IDH-mutant Oligodendrogl,2024/05/01,Expression profiling by high throughput sequencing,0.0,"A subset of patients with IDH-mutant glioma respond to inhibitors of mutant IDH (IDHi), yet the molecular underpinnings of such responses are not unde",B,非目标瘤种/类型(细胞系/处理实验=9),细胞系/处理实验=9; 非人类模型=4,"Mouse Notch1-KO, IDHi treated, Chromium gene "
GSE213162,200213162,10,Establishment and characterization of patient-derived xenograft from leptomening,2022/09/14,Expression profiling by high throughput sequencing,0.0,"To establish and to characterize patient derived preclinical model of rare pediatric glioma, anaplastic pleomorphic xanthoastrocytoma. The model was d",B,非目标瘤种/类型(正常/非肿瘤组织=2),正常/非肿瘤组织=2,X128a
GSE197758,200197758,10,MEOX2-mediated regulation of Cathepsin S promotes cell proliferation and motilit,2022/04/01,Expression profiling by high throughput sequencing,0.0,Nuclear transcription factor Mesenchyme Homeobox 2 (MEOX2) is a homeobox gene that is originally discovered to suppress the growth of vascular smooth ,B,非目标瘤种/类型(细胞系/处理实验=4),细胞系/处理实验=4,U87-OE-2(MEOX2 OE-2)
GSE198979,200198979,10,Venetoclax cooperates with ionizing radiation to attenuate Diffuse Midline Gliom,2022/03/23,Expression profiling by high throughput sequencing; Other,0.0,"This article highlights the radiation induced cytotoxic effect of the BCL2 inhibitor, venetoclax, in diffuse midline gliomas (DMG). 1. RNA-seq: We per",B,非目标瘤种/类型(细胞系/处理实验=7),细胞系/处理实验=7,SF8628 Unirradiated Control 03
GSE225153,200225153,9,Increasing TET expression and 5-hydroxymethylcytosine formation by a carbocyclic,2026/08/06,Expression profiling by high throughput sequencing,0.0,"Ten-eleven translocation (TET) enzymes are critical epigenetic regulators, which oxidize the methylated cytosine nucleobase 5-methyl-dC (5mdC) in the ",B,非目标瘤种/类型(细胞系/处理实验=3),细胞系/处理实验=3,MOLM13-AzaDeoxyCytidine0.5uM-Replicate2 [RNA-
GSE314657,200314657,9,Two translocation mechanisms drive neural stem cell dissemination into the human,2026/06/21,Expression profiling by high throughput sequencing,100.0,"The strong size increase of the human neocortex is supported by a neural stem cell population, the basal radial glial (bRG) cells. Using live imaging ",E,瘤种词100%但细胞系/处理主导(9),细胞系/处理实验=9,Glioblastoma cell line U3039
GSE314496,200314496,9,Non-viral CISH locus-specific integrated FAPα CAR-T cells achieve potent anti-tu,2025/12/25,Expression profiling by high throughput sequencing,0.0,"CAR-T cells have been used to treat patients with glioblastoma (GBM) in clinical trial settings, by targeting GBM-associated antigens. However, the ef",B,非目标瘤种/类型(细胞系/处理实验=3),细胞系/处理实验=3,Untreated-3
GSE285885,200285885,9,Dual-functional Brain-targeting Liposomes with iRGD Modification for Co-delivery,2025/12/02,Expression profiling by high throughput sequencing,66.7,"Rationale：Glioblastoma (GBM) is a highly aggressive brain tumor, often associated with the activation of EGFR and NF-κB signaling pathways in radiores",A?(小样本),瘤种词样本67%,细胞系/处理实验=3,Radioresistant glioblastoma cells differentia
GSE260937,200260937,9,The effects of IDH1 R132H autopalmitoylation on gene expressions in U87 cells,2025/11/18,Expression profiling by high throughput sequencing,0.0,Gain-of-function mutations of isocitrate dehydrogenase 1 (IDH1) lead to neomorphic enzymatic activities and the production of oncometabolite R-2-hydro,B,非目标瘤种/类型(细胞系/处理实验=9),细胞系/处理实验=9,"U87 cells, PCDH, rep1"
GSE300210,200300210,9,Drug and single-cell gene expression integration identifies sensitive and resist,2025/06/23,Expression profiling by high throughput sequencing,0.0,Glioblastoma (GBM) remains the most common and lethal adult malignant primary brain cancer with few treatment options. One of the most significant iss,B,非目标瘤种/类型(细胞系/处理实验=3),细胞系/处理实验=3,GBM8-CT179-200nM-24h-3
GSE276693,200276693,9,Impact of temozolomide on gene expression of LN-229 cells,2025/05/07,Expression profiling by high throughput sequencing,0.0,Transcriptomic gene expression analysis of LN-229 cells stimulated for 48 h or 144 h with temozolomide is compared to unexposed cells for the characte,B,非目标瘤种/类型(细胞系/处理实验=9),细胞系/处理实验=9,"LN-229 cells, temozolomide 48 h, rep 3"
GSE288022,200288022,9,A bruton’s tyrosine kinase inhibitor reduces stemness and invasiveness of patien,2025/04/01,Expression profiling by high throughput sequencing,100.0,"Glioblastoma (GBM), the most prevalent primary brain tumor, remains incurable due to the presence of cancer stem cells (CSC), which can be isolated as",E,瘤种词100%但细胞系/处理主导(6),细胞系/处理实验=6,"GBM Tumorsphere 13-64, SPA8007-Treated"
GSE268582,200268582,9,Glioblastoma progression is hindered by melatonin-primed mesenchymal stromal cel,2025/03/19,Expression profiling by high throughput sequencing,0.0,Background. Glioblastoma (GBM) is the deadliest form of brain cancer and its treatment remains an unresolved challenge. Mesenchymal stromal cells (MSC,B,非目标瘤种/类型(细胞系/处理实验=9),细胞系/处理实验=9,U87 n1
GSE285545,200285545,9,Radiation-Induced Cellular Plasticity Primes Glioblastoma for Forskolin-Mediated,2024/12/30,Expression profiling by high throughput sequencing,0.0,Glioblastoma is the deadliest brain cancer in adults and all patients succumb to the tumor. While surgery followed by chemo-radiotherapy delays diseas,B,非目标瘤种/类型(细胞系/处理实验=3),细胞系/处理实验=3,DMSO_D5_2
GSE282324,200282324,9,Inhibition of thioredoxin reductase 1 sensitizes glucose-starved glioblastoma ce,2024/12/23,Expression profiling by high throughput sequencing,0.0,Disulfidptosis is a recently identified form of cell death characterized by the aberrant accumulation of cellular disulfides. This process primarily o,A?(小样本),摘要含瘤种词(样本标题无特征),-,"Tumor, EV,  3"
GSE255754,200255754,9,Letrozole in Combination with Standard Therapy in Recurrent High-Grade Gliomas,2024/08/28,Expression profiling by high throughput sequencing,0.0,High grade gliomas (HGGs) remain highly fatal malignancies with glioblastoma accounting for almost 50% of primary brain malignancies in the elderly.  ,B,非目标瘤种/类型(细胞系/处理实验=9),细胞系/处理实验=9,letrozole-2.5mg-rep2
GSE190804,200190804,9,Glioblastoma stem cells after METTL8 knockdown.,2024/02/12,Expression profiling by high throughput sequencing,0.0,"This project investigates the role METTL8 in human glioblastoma stem cells. In order to understand the transcriptomic changes upon deletion of METTL8,",A?(小样本),摘要含瘤种词(样本标题无特征),-,shM8-2_2
GSE229136,200229136,9,Divergent transcriptomic signatures from putative mesenchymal stimuli in gliobla,2024/01/10,Expression profiling by high throughput sequencing,0.0,"In glioblastoma, a mesenchymal phenotype is associated with especially poor patient outcomes. Various glioblastoma microenvironmental factors and ther",B,非目标瘤种/类型(细胞系/处理实验=6),细胞系/处理实验=6,Untreated rep 3
GSE245043,200245043,9,Threonine fuels glioblastoma through YRDC-mediated codon-biased translational re,2024/01/06,Non-coding RNA profiling by high throughput sequencing,0.0,"To understand the underlying mechanism of YRDC, an enzyme catalysing the formation of N6-threonylcarbamoyladenosine (t6A) on ANN-decoding tRNAs, and t",A?(小样本),摘要含瘤种词(样本标题无特征),-,tRNA-KD1
GSE251777,200251777,9,An engineered glioblastoma model yields macrophage-secreted drivers of invasion,2023/12/21,Expression profiling by high throughput sequencing,0.0,"Glioblastomas (GBMs) are highly invasive brain tumors replete with brain- and blood-derived macrophages, collectively known as tumor-associated macrop",B,非目标瘤种/类型(细胞系/处理实验=9),细胞系/处理实验=9,"GSC-20, Control Media, Day 28, full channel_r"
GSE218041,200218041,9,RNA-seq of glioblastoma stem cells treated by CCR7 inhibitors.,2023/08/04,Expression profiling by high throughput sequencing,0.0,RNA-seq of glioblastoma stem cells  treated by CCR7 inhibitors.,B,非目标瘤种/类型(细胞系/处理实验=3),细胞系/处理实验=3,Cmp2105_1
GSE214466,200214466,9,Cancer-associated SMARCAL1 loss-of-function mutations promote alternative length,2023/01/04,Expression profiling by high throughput sequencing,0.0,"In this study, we used a patient-derived ALT-positive GBM cell line with native SMARCAL1 deficiency to investigate the role of SMARCAL1 in ALT-mediate",A?(小样本),摘要含瘤种词(样本标题无特征),-,IC02
GSE190816,200190816,9,STING governs RCC growth through mitochondrial regulation of VDAC2,2022/11/29,Expression profiling by high throughput sequencing,0.0,STING is an innate immune sensor for immune surveillance of viral or bacterial infection and maintenance of an immune-friendly microenvironment to unf,B,非目标瘤种/类型(细胞系/处理实验=9),细胞系/处理实验=9,A498 STING KD sh45 RNA Rep2
GSE152861,200152861,9,Histone variant H2AFV expression defines functionally distinct cancer subpopulat,2022/01/15,Expression profiling by high throughput sequencing,0.0,"Tumors are composed of cellular subpopulations with varying degree of proliferative and tumorigenic potential. Here, we identify inter- and intra-tumo",A?(小样本),摘要含瘤种词(样本标题无特征),-,RNA-Seq_TS543_NT_rep3
GSE141383,200141383,9,Single-cell characterization of macrophages in glioblastoma reveals MARCO as a m,2020/12/23,Expression profiling by high throughput sequencing,0.0,"Macrophages are the most common infiltrating immune cells in glioblastoma (GBM), and play a wide variety of pro-tumor and anti-tumor roles. However, t",A?(小样本),摘要含瘤种词(样本标题无特征),-,PW032-706
GSE159607,200159607,9,A novel patient stratification strategy to enhance the therapeutic efficacy of d,2020/10/20,Expression profiling by array,0.0,Abstract. Background: Glioblastoma is the most common primary malignancy of the central nervous system with dismal prognosis. Differential gene expres,A?(小样本),摘要含瘤种词(样本标题无特征),-,NCH 421k_200778090004_A.
GSE138114,200138114,9,Glioma-derived miRNA-containing extracellular vesicles induce angiogenesis by re,2019/12/20,Non-coding RNA profiling by high throughput sequencing,0.0,Glioblastoma multiforme (GBM) is characterized by the close relationship of glioma stem cells (GSC) with aberrant vascularization. It has been establi,A?(小样本),摘要含瘤种词(样本标题无特征),-,3: EXP1-GBM8-EV_smallRNA
GSE137830,200137830,9,Glioma-derived miRNA-containing extracellular vesicles induce angiogenesis by re,2019/12/20,Methylation profiling by genome tiling array,0.0,Glioblastoma multiforme (GBM) is characterized by the close relationship of glioma stem cells (GSC) with aberrant vascularization. It has been establi,E2,非表达谱技术(非表达谱;甲基化),细胞系/处理实验=3,genomic DNA from HBMVECs in EBM_A3
GSE103790,200103790,9,Analysis of transcriptional regulation by Myt1 and Myt1l,2018/01/24,Expression profiling by high throughput sequencing,0.0,We report the changes in gene expression in U87 glioblastoma cells with re-introduced Myt1 or Myt1l.,B,非目标瘤种/类型(细胞系/处理实验=9),细胞系/处理实验=9,U87 cells_ctrl rep3
GSE74516,200074516,9,RNA-seq Profiles in Transcription elongation factors are in vivo-specific cancer,2017/04/01,Expression profiling by high throughput sequencing,0.0,"Glioblastoma ranks as one of the most lethal human cancers, with no effective therapies.  To discover novel  therapeutic targets, here we performed pa",B,非目标瘤种/类型(细胞系/处理实验=4),细胞系/处理实验=4,IN528ic Rep1
GSE68800,200068800,9,The RNA-binding protein Musashi1 is a central regulator of adhesion pathways in ,2015/06/29,Expression profiling by high throughput sequencing,0.0,"The conserved RNA-binding protein Musashi1 (MSI1) has emerged as a key oncogenic factor in numerous solid tumors, including glioblastoma. However, its",B,非目标瘤种/类型(细胞系/处理实验=9),细胞系/处理实验=9,U251 WT RNA-seq Rep 1
GSE315177,200315177,9,M2 type tumor associated macrophage-derived CCL-18 promotes glioma cell prolifer,2026/08/09,Expression profiling by high throughput sequencing,0.0,"Most of glioma patients still experience relapse after radiotherapy owing to the formation of tumor immunosuppressive microenvironment. However, the c",A?(小样本),泛瘤种词样本100%(非精确瘤种),-,glioma tissue from patient04
GSE335945,200335945,9,Blockage of Ca2+-permeable AMPA receptors suppresses proliferation of schwannoma,2026/06/19,Expression profiling by high throughput sequencing,0.0,"Schwannomas are common benign tumors, but management of large or multiple tumors, such as those in NF2-related schwannomatosis, remains challenging du",D,样本标题/摘要无特征词,-,"HS-PSS cells, 10uM PER, day7"
GSE286945,200286945,9,Small Extracellular Vesicles from Radioresistant H3K27M-Pediatric Diffuse Midlin,2025/06/02,Expression profiling by high throughput sequencing,0.0,Pediatric diffuse midline gliomas harboring the Histone 3 lysine 27-to-methionine mutation (H3K27M-pDMG) represent a highly heterogenous group of brai,D,样本标题/摘要无特征词,-,SF7761_Biol_rep_1
GSE286941,200286941,9,Small Extracellular Vesicles from Radioresistant H3K27M-Pediatric Diffuse Midlin,2025/06/02,Expression profiling by high throughput sequencing,0.0,Pediatric diffuse midline gliomas harboring the Histone 3 lysine 27-to-methionine mutation (H3K27M-pDMG) represent a highly heterogenous group of brai,D,样本标题/摘要无特征词,-,Control_Biol_rep_2
GSE162989,200162989,9,"Single-cell/single-nucleus RNA-seq of diffuse hemispheric gliomas, H3G34-mutant.",2024/07/30,Expression profiling by high throughput sequencing,0.0,"As part of a multi-omics and CRISPR/Cas9-screen based study to extensively characterize the molecular basis of diffuse hemispheric gliomas, H3G34-muta",D,样本标题/摘要无特征词,-,MUV94
GSE245907,200245907,9,Digital transformation of herbal medicine: Conversion to biological entity data ,2024/06/21,Expression profiling by high throughput sequencing,0.0,This study aimed to identify transcript expression induced by tonifying herbal medicines (THM) and modes of action (MOA) of THM in A549 cell line. For,B,非目标瘤种/类型(细胞系/处理实验=3),细胞系/处理实验=3,BatchD_ethanol extract of Atractylodis Rhizom
GSE263946,200263946,9,Rapid PTEFb-dependent transcriptional reorganization underpins the glioma adapti,2024/04/16,Expression profiling by high throughput sequencing,0.0,"Using a combination of ChIP-, ATAC-, RNA-seq, and CUT&RUN in model systems of diffuse intrinsic pontine glioma and other pediatric high-grade gliomas,",B,非目标瘤种/类型(细胞系/处理实验=9),细胞系/处理实验=9,"DIPG4 cells, DMSO, radiation, 6 hours, replic"
GSE247741,200247741,9,Single nuclei RNA-seq profiles from medulloblastoma tumors with extensive nodula,2023/11/15,Methylation profiling by high throughput sequencing,0.0,Medulloblastoma with extensive nodularity (MBEN) are cerebellar tumors with two histologically distinct compartments and varying disease course.  We i,E2,非表达谱技术(非Expression类型;甲基化),-,ICGC_MB299
GSE194213,200194213,9,Hijacking a neurodevelopmental epigenomic program in metastatic dissemination of,2023/02/28,Expression profiling by high throughput sequencing,0.0,"How dysregulation of neurodevelopment relates to medulloblastoma (MB), the most common pediatric brain tumor, remains elusive. Here, we uncovered a ne",D,样本标题/摘要无特征词,-,MED8A SMARCD3 KO-1 rep 3
GSE206578,200206578,9,Pro-Inflammatory Cytokines Mediate the Epithelial-to-Mesenchymal-Like Transition,2022/06/24,Expression profiling by high throughput sequencing,0.0,Pediatric ependymoma is a devastating brain cancer marked by its relapsing pattern and lack of effective chemotherapies. This shortage of treatments i,D,样本标题/摘要无特征词,-,I1
GSE166914,200166914,9,RNA-seq of detecting the effect of CDK4&6 inhibitor Abemaciclib and VSV-M51 in g,2022/06/01,Expression profiling by high throughput sequencing,0.0,The RNA-seq data provided evidence that CDK4&6 inhibitor Abemaciclib and VSV-M51 increase the oncolytic effect in glioma,B,非目标瘤种/类型(细胞系/处理实验=3),细胞系/处理实验=3,T98_VSV51_24H_rep3
GSE188789,200188789,9,A Functional Role of OLIG2 in Tumor Heterogeneity of MYC-amplified Medulloblasto,2021/11/16,Expression profiling by high throughput sequencing,0.0,The goal of this study was to compare gene expression profiles of MYC-amplified medulloblastoma tumors under three distinct conditions: primary tumors,D,样本标题/摘要无特征词,-,M413_Primary
GSE331374,200331374,8,Glioma-intrinsic MAPK/ERK signaling promotes immunotherapy efficacy through T ce,2026/05/21,Expression profiling by high throughput sequencing; Other,0.0,"Glioblastoma (GBM) remains a formidable challenge in neuro-oncology, with immune checkpoint blockade (ICB) only showing efficacy in some patients, whi",C,单细胞/空间数据,细胞系/处理实验=4,"target_treated_slice,  scRNA-seq"
GSE320384,200320384,8,Effect of RM-006 treatment on gene expression in LN229 cells,2026/04/16,Expression profiling by high throughput sequencing,0.0,"Aberrant activation of the PI3K/AKT/mTOR signaling pathway is a common feature of cancer but, while mTOR kinase represents an attractive drug target, ",B,非目标瘤种/类型(细胞系/处理实验=8),细胞系/处理实验=8,"LN229,RM6,1.56nM,rep1"
GSE307597,200307597,8,NAT10-Dependent N4-acetylcytidine (ac4C) on R-loops Drive Glioblastoma Tumorigen,2026/04/08,Expression profiling by high throughput sequencing,0.0,"R-loop remodelling dynamically regulates chromatin states and gene expression; however, its exploitation by cancer stem cells to sustain self-renewal ",B,非目标瘤种/类型(细胞系/处理实验=8),细胞系/处理实验=8,GSC23 shCONT rep2
GSE310003,200310003,8,Developing a multimodal therapy for glioblastoma using oncolytic virus deliverin,2026/02/05,Expression profiling by high throughput sequencing,0.0,Glioblastoma (GBM) is the most malignant primary brain tumor with no cure. While chimeric antigen receptor (CAR)-T cell therapy has exhibited consider,A?(小样本),摘要含瘤种词(样本标题无特征),-,PBT707GFP_2
GSE290575,200290575,8,G549 EP300_KO RNA-seq,2026/01/23,Expression profiling by high throughput sequencing,0.0,EP300 was identified as potential regulator of Injury-response/Mesenchymal state in Glioblastoma stem cells. Our objective was to identify the effect ,A?(小样本),摘要含瘤种词(样本标题无特征),-,AAVS1_KO_R1
GSE223337,200223337,8,Lysine-specific histone demethylase 1A (KDM1A/LSD1) inhibition attenuates DNA do,2026/01/10,Expression profiling by high throughput sequencing,0.0,Patient-derived primary GSCs were established from discarded specimens obtained from glioblastoma (GBM) patients undergoing surgery at UT Health San A,B,非目标瘤种/类型(细胞系/处理实验=8),细胞系/处理实验=8,GSC08_NCD38+TMZ_2
GSE290047,200290047,8,"small RNA seq of patient-derived glioma cells (GBM1,GBM2, GG3)",2025/10/29,Non-coding RNA profiling by high throughput sequencing,0.0,Glioblastoma (GBM) has a poor prognosis due to infiltrative and therapy-resistant glioma stem-like cells. MicroRNAs (miRNAs) synergistically modulate ,B,非目标瘤种/类型(细胞系/处理实验=8),细胞系/处理实验=8,GG3 cells_biol rep3
GSE282334,200282334,8,Inhibition of thioredoxin reductase 1 sensitizes glucose-starved glioblastoma ce,2024/12/23,Expression profiling by high throughput sequencing,0.0,Disulfidptosis is a recently identified form of cell death characterized by the aberrant accumulation of cellular disulfides. This process primarily o,B,非目标瘤种/类型(细胞系/处理实验=8),细胞系/处理实验=8,"LN229-TAZ(4SA) cell, EV_Glu-, Rep1"
GSE282325,200282325,8,Inhibition of thioredoxin reductase 1 sensitizes glucose-starved glioblastoma ce,2024/12/23,Expression profiling by high throughput sequencing,0.0,Disulfidptosis is a recently identified form of cell death characterized by the aberrant accumulation of cellular disulfides. This process primarily o,B,非目标瘤种/类型(细胞系/处理实验=8),细胞系/处理实验=8,"LN229-TAZ(4SA) cell, AF+Glucose deprivation 1"
GSE261472,200261472,8,Novel Pharmacologic Inhibition of Lysine-specific Demethylase 1 as a Potential T,2024/11/10,Expression profiling by high throughput sequencing,0.0,Lysine-specific demethylase 1 (LSD1/KDM1A) is a pivotal epigenetic enzyme that contributes to several malignancies including malignant glioma. LSD1 is,B,非目标瘤种/类型(细胞系/处理实验=8),细胞系/处理实验=8,GSC1228_DMSO_2
GSE273012,200273012,8,SUV39H1 Maintains Cancer Stem Cells in Glioblastoma [RNA-seq],2024/11/06,Expression profiling by high throughput sequencing,0.0,"Glioblastoma (GBM) is the deadliest brain cancer, driven in part by GBM stem cells (GSCs) that contribute to therapeutic resistance and tumor recurren",B,非目标瘤种/类型(细胞系/处理实验=8),细胞系/处理实验=8,"GSC1914 cells, shControl_1"
GSE245688,200245688,8,The m6A reader HNRNPC promotes glioma progression by enhancing the stability of ,2024/06/12,Other,0.0,Glioma is the most common and aggressive primary malignant brain tumor. N6-methyladenosine (m6A) modification widely exists in eukaryotic cells and pl,E2,非表达谱技术(非表达谱),细胞系/处理实验=8,"U251 cell lines, si-HNRNPC, input, rep1"
GSE249656,200249656,8,Enhancing transcription replication conflict targets ecDNA positive cancers [RNA,2024/05/23,Expression profiling by high throughput sequencing,0.0,Extrachromosomal DNA (ecDNA) presents a major challenge for cancer patients. EcDNA renders tumours treatment-resistant by facilitating massive oncogen,B,非目标瘤种/类型(细胞系/处理实验=8),细胞系/处理实验=8,"COLO320, DM, RiboZero, rep1"
GSE266620,200266620,8,Effect of AsiDNA and belinostat on gene expression in U87 cells. [RNA-Seq],2024/05/13,Expression profiling by high throughput sequencing,0.0,"An effective long-term inhibition of multiple DNA repair signals is required to design a novel and effective therapeutic for glioblastoma (GBM), a hig",B,非目标瘤种/类型(细胞系/处理实验=2),细胞系/处理实验=2,ASI-1
GSE242225,200242225,8,IFI35 regulates non-canonical NF-κB signaling to maintain glioblastoma stem cell,2024/03/27,Expression profiling by high throughput sequencing,0.0,Glioblastoma (GBM) is the most aggressive malignant primary brain tumor characterized by a highly heterogeneous and immunosuppressive tumor microenvir,B,非目标瘤种/类型(细胞系/处理实验=8),细胞系/处理实验=8,"839 cells,sgRELBControl-2"
GSE255501,200255501,8,LncRNA LUCAT1 Promotes Glioblastoma Progression by Enhancing HIF1⍺ Activity [RNA,2024/03/12,Expression profiling by high throughput sequencing,0.0,Glioblastoma (GBM) is characterized by a high degree of hypoxia. Hypoxia-inducible factors (HIFs) modulate glioma stem-like cell (GSC) responses to hy,B,非目标瘤种/类型(细胞系/处理实验=8),细胞系/处理实验=8,"GSC4121, shNT, hypoxia, rep1"
GSE225210,200225210,8,Combined inhibition of TOP1 and PARP: a synergistic therapeutic strategy for PTE,2024/02/14,Expression profiling by high throughput sequencing,0.0,Deletions or loss-of-function mutations in phosphatase and tensin homolog (PTEN) are common in glioblastoma (GBM) and have been associated with defect,B,非目标瘤种/类型(细胞系/处理实验=8),细胞系/处理实验=8,"GSC827 cells, Olaparib treated, Biological re"
GSE222421,200222421,8,Circ_0021350 plays an oncogene role by regulating miR-1207-3p/ PIK3R3 in gliobla,2024/01/10,Non-coding RNA profiling by high throughput sequencing,0.0,"To screen differentially expressed circRNAs in GBM, we performed RNA-seq using four tumor tissues from patients with GBM and four normal brain tissues",A?(小样本),摘要含瘤种词(样本标题无特征),-,N0293
GSE229420,200229420,8,GSC23 shG12 vs shCTL,2023/12/20,Expression profiling by high throughput sequencing,0.0,To investigate GNA12 role in GBM patient tumor samples. We knocked down GNA12 using knockdown by shRNA.,B,非目标瘤种/类型(细胞系/处理实验=8),细胞系/处理实验=8,"GSC23, ShCTL, 512"
GSE162931,200162931,8,Single-cell RNA-seq analysis of IDH-wildtype glioblastoma in radiation time cour,2023/07/17,Expression profiling by high throughput sequencing,0.0,"To understand the diversity of expression states in irradiated GBM cells, we profiled about 150,000 single cells from 3 patient-derived GBM cells by s",A?(小样本),摘要含瘤种词(样本标题无特征),-,GBM827 cells naïve
GSE214248,200214248,8,THe role of CXCL8 in the mesenchymal state of glioblastoma stem cells,2023/06/27,Expression profiling by high throughput sequencing,0.0,"To determine the functional significance of the expression of CXCL8 in mesenchymal GSCs, we examined the effect of CXCL8 disruption with two non-overl",D,样本标题/摘要无特征词,-,"839 cells, shControl1"
GSE217347,200217347,8,Effect of overexpression of NFAT5 on gene expression during TMZ resistance of U8,2023/06/18,Expression profiling by high throughput sequencing,0.0,"To investigate the mechanism of NFAT5 resistance to TMZ in gliomas, we performed mRNA sequencing analysis of NFAT5-overexpressing U251 and U87 cell li",B,非目标瘤种/类型(细胞系/处理实验=8),细胞系/处理实验=8,U87_1
GSE176539,200176539,8,"Glioblastoma stem cells after treatment with anti-E2F, anti-STAT3 or their combi",2023/06/10,Expression profiling by high throughput sequencing,0.0,"Malignant gliomas, including glioblastoma (GBM), are uniformly lethal with inferior prognosis and lack of effective treatment. Although the H2AZ2 vari",B,非目标瘤种/类型(细胞系/处理实验=2),细胞系/处理实验=2,TPM_E2Fi&STAT3i_2
GSE161523,200161523,8,Transcriptome-wide analysis of gene expression regulated by YB-1 in glioblastoma,2022/11/02,Expression profiling by high throughput sequencing,0.0,"YB-1 is a cold shock domain (CSD)-containing RNA binding protein. It is involved in virtually all steps of RNA metabolism. In this study, we detected ",B,非目标瘤种/类型(细胞系/处理实验=8),细胞系/处理实验=8,"U251 cells, shLuc_rep2"
GSE203074,200203074,8,β2-microglobulin maintains glioblastoma stem cells and induces M2-like polarizat,2022/06/30,Expression profiling by high throughput sequencing,0.0,"Glioblastoma (GBM) is a complex ecosystem that includes a heterogeneous tumor population and the tumor immune microenvironment (TIME), prominently con",A?(小样本),摘要含瘤种词(样本标题无特征),-,"3264 cells,shControl-2"
GSE206170,200206170,8,Next Generation Sequencing Facilitates Quantitative Analysis of U87MG Cell Trans,2022/06/22,Expression profiling by high throughput sequencing,50.0,Next-generation sequencing (NGS) has significantly advanced the elucidation of developmental signaling mechanisms that are important for U87MG cells u,A?(小样本),瘤种词样本50%,细胞系/处理实验=2,GBM CAR neuttrophil_1
GSE199030,200199030,8,Transcriptome of glioblastoma stem cells and H9NSC (HOXA-AS2 depletion or overex,2022/04/15,Expression profiling by high throughput sequencing,0.0,Glioblastoma multiform account for about half of all gliomas and are the most deadly and aggressive forms. Its therapeutic resistance and tumor relaps,B,非目标瘤种/类型(细胞系/处理实验=4),细胞系/处理实验=4,mRNA-seq: H9NSC try2 empty vector
GSE162783,200162783,8,Identification of Rac guanine nucleotide exchange factors promoting Lgl1 phospho,2021/08/23,Expression profiling by high throughput sequencing,0.0,The protein Lgl has key roles in the regulation of cell polarity. We have shown that Lgl is inactivated by hyperphosphorylation in glioblastoma as a c,A?(小样本),摘要含瘤种词(样本标题无特征),-,PriGO8A-PREX1_KO_C4_1
GSE162631,200162631,8,Single cell RNA-seq of brain glioblastoma samples,2021/07/08,Expression profiling by high throughput sequencing,0.0,Glioblastomas (GBM) are the most aggressive type of brain tumors with a dismal prognosis. The effectiveness of anti-tumor drugs is thwarted by brain e,A?(小样本),摘要含瘤种词(样本标题无特征),-,R4 tumor peripheral tissue
GSE153907,200153907,8,Azathioprine Blocks the Aberrantly Elevated Lipid Metabolism and Induces Apoptos,2021/02/16,Expression profiling by high throughput sequencing,0.0,Glioblastoma multiforme (GBM) is the most aggressive type of brain tumor with poor survival rate and temozolomide (TMZ) has been used as the standard ,B,非目标瘤种/类型(细胞系/处理实验=8),细胞系/处理实验=8,592T treated with Azathioprine_rep2
GSE129476,200129476,8,MGMT enhancer modulates glioma cell sensitivity to temozolomide through long-ran,2020/04/02,Expression profiling by high throughput sequencing,0.0,Acquired resistance of temozolomide (TMZ) is one of the major obstacle of glioblastoma clinical treatment and the mechanism of TMZ resistance is still,B,非目标瘤种/类型(细胞系/处理实验=4),细胞系/处理实验=4,TMZ_MGMT-KO1 replicate 1
GSE112902,200112902,8,m6A IP sequencing analysis of m6A mRNA methylation regulation by FTO in melanoma,2019/05/06,Other,0.0,N6-methyladenosine (m6A) RNA methylation is the most abundant internal chemical modifications in eukaryotic messenger RNA (mRNA) as well as long non-c,E2,非表达谱技术(非表达谱),细胞系/处理实验=8,shFTO Mel624 rep2 Input
GSE123755,200123755,8,Differential YAP expression in glioma cells induces cell competition and promote,2019/02/25,Expression profiling by high throughput sequencing,0.0,Intratumor heterogeneity associates with cancer progression and may account for a substantial portion of therapeutic resistance. Although extensive st,A?(小样本),摘要含瘤种词(样本标题无特征),-,WL29
GSE103224,200103224,8,Single-Cell Transcriptome Analysis of Lineage Diversity and Microenvironment in ,2018/07/02,Expression profiling by high throughput sequencing,0.0,"Despite extensive molecular characterization, we lack a comprehensive picture of lineage identity, differentiation, and microenvironmental composition",D,样本标题/摘要无特征词,-,PJ032
GSE109982,200109982,8,Molecular signature of human cerebral organoids glioma model,2018/04/25,Expression profiling by high throughput sequencing,0.0,We have developed a cancer model of gliomas in human cerebral organoids by CRISPR/Cas9 technology to target a Harvey-Ras (H-RAS) G12V-IRES-tdTomato co,D,样本标题/摘要无特征词,-,ORG3_NON
GSE104296,200104296,8,Differential effects of estrogen receptor beta isoforms on glioblastoma progress,2018/04/10,Expression profiling by high throughput sequencing,0.0,We examined the transcriptional changes modulated by knocking out ERβ and reintroduction of ERβ1 and ERβ5 isoforms by perfroming global transcriptome ,B,非目标瘤种/类型(细胞系/处理实验=8),细胞系/处理实验=8,U87-ERβ1-2
GSE87515,200087515,8,The m6A Demethylase ALKBH5 Maintains Tumorigenicity of Glioblastoma Stem-Like Ce,2017/03/28,Expression profiling by high throughput sequencing; Other,0.0,The dynamic and reversible N6-methyladenosine (m6A) RNA modification installed and erased by N6-methyltransferases and demethylases regulates gene exp,B,非目标瘤种/类型(细胞系/处理实验=8),细胞系/处理实验=8,shCont-rep1-IP
GSE94808,200094808,8,m6A-seq in glioblastoma stem cells,2017/03/14,Expression profiling by high throughput sequencing,0.0,m6A RNA methylation plays an important role in regulating the self-renewal and tumorigenesis of glioblastoma stem cells. We performed m6A-seq analysis,B,非目标瘤种/类型(细胞系/处理实验=8),细胞系/处理实验=8,"PBT003 gliblastoma stem cells, METTL3 shRNA, "
GSE309231,200309231,8,Matrix viscoelasticity regulates dendritic cell migration and immune priming [RN,2026/05/13,Expression profiling by high throughput sequencing,0.0,"The tumor microenvironment shapes immune surveillance through its mechanical properties, yet the role of matrix viscoelasticity remains unclear. Here,",D,样本标题/摘要无特征词,-,Donor_4_fast_relaxing
GSE288462,200288462,8,AMBRA1 as a novel positive regulator of the SHH pathway in medulloblastoma [RNA-,2026/03/09,Expression profiling by high throughput sequencing,0.0,"AMBRA1 (Autophagy and Beclin 1 Regulator 1) is a versatile scaffold protein involved in disparate processes including autophagy, cell cycle regulation",B,非目标瘤种/类型(细胞系/处理实验=8),细胞系/处理实验=8,"PDX12, PDX, shCTR, biol rep1"
GSE286177,200286177,8,Heterochromatin spreading in cancer cells through HDAC7 mediated histone H3.3 la,2026/01/07,Expression profiling by high throughput sequencing,0.0,"Class IIa histone deacetylases (HDACs) are a family of enzymes that despite their name, do not have any measurable histone deacetylase activity but th",D,样本标题/摘要无特征词,-,"GB2, siControl_2"
GSE291006,200291006,8,EZHIP boosts neuronal-like synaptic gene programs and depresses polyamine metabo,2025/12/04,Expression profiling by high throughput sequencing,0.0,"EZHIP (Enhancer of Zeste Inhibitory Protein) is an enigmatic protein with no discernible domains, primarily known for its role in inhibiting PRC2-medi",B,非目标瘤种/类型(细胞系/处理实验=8),细胞系/处理实验=8,"hNPC5, Control, Rep1"
GSE275484,200275484,8,A functional subpopulation of human glioma associated macrophages linked to mali,2025/11/30,Expression profiling by high throughput sequencing,0.0,Malignant gliomas are progressive brain cancers with poor prognosis. Pro-tumorigenic glioma associated macrophages (GAM) have been implicated in disea,D,样本标题/摘要无特征词,-,"Monocytes, co-culture, Hypoxia, run 3"
GSE278666,200278666,8,Identification of lncMB3 RNA interactome through lncMB3 Native RNA Pulldown in M,2025/10/02,Expression profiling by high throughput sequencing,0.0,Medulloblastoma (MB) stands as the most prevalent malignant pediatric tumor affecting the central nervous system. Categorized into four primary subgro,D,样本标题/摘要无特征词,-,EVEN replicate 2
GSE267193,200267193,8,A novel modeling of high-grade transformation in IDH mutant glioma,2025/05/01,Expression profiling by high throughput sequencing,0.0,"Background. High-grade transformation (HT) is a key feature of IDH-mutant glioma, which is inevitable and unpredictable. Both genomic and metabolomic ",B,非目标瘤种/类型(细胞系/处理实验=2),细胞系/处理实验=2,"403L cells, Biological replicate 3"
GSE225027,200225027,8,SUV39H1 inhibition by Chaetocin targets stemness and oncogenic networks and syne,2025/02/08,Expression profiling by high throughput sequencing,0.0,To investigate Chaetocin impact on Diffuse intrinsic pontine gliomas treatment We then performed gene expression profiling analysis using data obtaine,B,非目标瘤种/类型(非人类模型=4),细胞系/处理实验=2; 非人类模型=4,sh-SUV39H1-2
GSE211833,200211833,8,Histone H3 K27M mediated Regulation of Cancer Cell Stemness and Differentiation ,2023/08/30,Expression profiling by high throughput sequencing,0.0,"Diffuse intrinsic pontine glioma (DIPG) is a rare pediatric brain tumor with a median survival of 10-15 months. Histone H3 is mutated in 80% of DIPGs,",B,非目标瘤种/类型(细胞系/处理实验=8),细胞系/处理实验=8,"DIPG13, H3K27M, untreated, rep2"
GSE212718,200212718,8,BAF complex maintains glioma stem cells in pediatric H3K27M-glioma [RNA-seq],2022/09/15,Expression profiling by high throughput sequencing,0.0,"Diffuse midline gliomas (DMGs) are uniformly fatal pediatric central nervous system cancers, refractory to standard of care therapeutic modalities. Th",B,非目标瘤种/类型(细胞系/处理实验=2),细胞系/处理实验=2,RNAseq_BT869_Compound11_24h_biolrep2
GSE185003,200185003,8,Dissecting Super-enhancer driven Transcriptional Dependencies Reveals Novel Onco,2021/10/04,Genome binding/occupancy profiling by high throughput sequen,0.0,Medulloblastoma (MB) is the most common malignant pediatric brain tumor and group 3 subtype (G3-MB) exhibits the worst prognosis. Dissecting super-enh,E2,非表达谱技术(非Expression类型;ChIP/结合),-,HDMB03-H3K27ac
GSE322979,200322979,7,"Cross-Species Transcriptomic Integration Reveals a Conserved, MIRO1-Mediated Mac",2026/03/05,Expression profiling by high throughput sequencing,0.0,We generated bulk RNA sequencing (RNA-seq) data from human glioma surgical resections treated ex vivo with a MIRO1-binding compound (MR3) or vehicle c,A?(小样本),泛瘤种词样本100%(非精确瘤种),细胞系/处理实验=6,"Human glioma tissue, DMSO treatment, Patient "
GSE275293,200275293,7,Tumor-Associated Microglia Secrete Extracellular ATP to Support Glioblastoma Pro,2024/08/30,Expression profiling by high throughput sequencing,0.0,Glioblastoma (GBM) is a highly aggressive brain tumor with poor prognosis and high recurrence rates. The complex immune microenvironment of GBM is hig,A?(小样本),摘要含瘤种词(样本标题无特征),-,P7_TN_100_margin (paried with P13)
GSE103559,200103559,7,The histone variant H3.3 G34W substitution in giant cell tumor of the bone link ,2017/10/18,Expression profiling by high throughput sequencing,0.0,"While transcription as regulated by histones and their post-translational modifications have been well described, the connection between histone varia",A?(小样本),摘要含瘤种词(样本标题无特征),-,GCTB10
GSE306506,200306506,7,Unveiling Transcriptional Heterogeneity and Discovering Footprints in Pediatric ,2026/07/22,Other,0.0,"Medulloblastoma is the most common malignant pediatric brain tumor and is classified into four molecular subgroups: WNT, SHH, Group 3, and Group 4. Ac",E2,非表达谱技术(非表达谱),-,"SHH-3B, Biol rep A 2"
GSE254917,200254917,7,Sonic hedgehog medulloblastoma cells in co-culture with cerebellar organoids con,2024/04/01,Expression profiling by high throughput sequencing,0.0,"In the malignant brain tumour, sonic hedgehog medulloblastoma the properties of cancer cells are influenced by their microenvironment, but the nature ",D,样本标题/摘要无特征词,-,"DAOY-cerebellar organoid, coculture, replicat"
GSE135045,200135045,7,Single cell RNA-seq analysis of human glioma,2022/06/08,Expression profiling by high throughput sequencing,0.0,"To understand the diversity of expression states within human gliomas, we obtained eleven freshly resected glioma-related samples, profiled ~3000 cell",D,样本标题/摘要无特征词,-,Sample 7 GEXSCOPETM
GSE160006,200160006,7,MAT2A and methionine dependency are indispensible for H3K27M mutant gliomas.,2022/01/28,Genome binding/occupancy profiling by high throughput sequen,0.0,Gliomas bearing driver mutations of histone 3 lysine 27 (H3K27M) are incurable brain tumors. H3K27M mutant tumors display unique epigenomes with globa,E2,非表达谱技术(非Expression类型;ChIP/结合),-,DIPG4_DOX
GSE147782,200147782,7,H3K27M in Gliomas Causes a One-step Decrease in H3K27 Methylation and Reduced Sp,2020/11/17,Methylation profiling by high throughput sequencing,0.0,The discovery of H3K27M mutations in pediatric gliomas marked a new chapter in cancer epigenetics. Numerous studies have investigated the effect of th,E2,非表达谱技术(非Expression类型;甲基化),-,BT245-KO_WGBS
GSE282103,200282103,6,SOWAHA as a cancer suppressor gene Influence Metabolic Reprogramming,2026/07/31,Expression profiling by high throughput sequencing,0.0,"Background: SOWAHA, also known as ANKRD43, is a member of the ankyrin repeat domain family. Studies have indicated that SOWAHA is associated with the ",B,非目标瘤种/类型(细胞系/处理实验=6),细胞系/处理实验=6,"SW620cell,SOWAHA,siRNA ,siSOWAHA-1"
GSE338478,200338478,6,"Periconoid A, a Novel Ergosterol Derivative from Periconia caespitosa, Induces A",2026/07/14,Expression profiling by high throughput sequencing,0.0,Chemical investigation of marine Conus Literatus endophytic fungus Periconia caespitosa HDYXY-1 led to the isolation and characterization of seven nov,A?(小样本),摘要含瘤种词(样本标题无特征),-,H41CNE2-2
GSE337492,200337492,6,CD300A drives glioblastoma progression by orchestrating M2 macrophage polarizati,2026/07/08,Expression profiling by high throughput sequencing,0.0,"Glioblastoma (GBM) is the most lethal primary intracranial malignancy, characterized by aggressive recurrence and a dismal prognosis. Despite the impl",A?(小样本),摘要含瘤种词(样本标题无特征),-,vector-1
GSE337204,200337204,6,Pannexin 1 inhibition reduces tumorigenic properties of patient-derived glioblas,2026/07/08,Expression profiling by high throughput sequencing,0.0,"Glioblastoma (GBM) is the most common primary brain tumour, with a median survival of 12-18 months, highlighting a need for new treatment targets. We ",B,非目标瘤种/类型(细胞系/处理实验=6),细胞系/处理实验=6,"GBM17 BC12, PANX1 CRISPR KO"
GSE329156,200329156,6,Modeling Tay-Sachs Disease in Astrocyte-Like Cells Reveals Significant Changes i,2026/07/04,Expression profiling by high throughput sequencing,0.0,Tay-Sachs disease is a rare genetic disorder characterized by the accumulation of GM2 ganglioside in neuronal lysosomes due to deficient β-hexosaminid,B,非目标瘤种/类型(细胞系/处理实验=3),细胞系/处理实验=3,B2-7_1
GSE313917,200313917,6,Complement Protease C1s Drives Immunosuppression in Mesenchymal Glioblastoma by ,2026/07/01,Expression profiling by high throughput sequencing,0.0,"The mesenchymal (MES) subtype of glioblastoma (GBM) exhibits a highly immunosuppressive tumor microenvironment (TME) and poor prognosis, but the under",A?(小样本),摘要含瘤种词(样本标题无特征),-,"HMC3, FLAG-3"
GSE235422,200235422,6,Serine and glycine deprivation-induced gene expression in glioblastoma cell,2026/06/20,Expression profiling by high throughput sequencing,0.0,To determine whether glioblastoma cells have altered gene expression profiles under limited serine and glycine conditions of extracellular environment,B,非目标瘤种/类型(细胞系/处理实验=6),细胞系/处理实验=6,"U87MG cells, S/G(+)_3"
GSE301343,200301343,6,NQO1-Mediated Oxidative Stress Resistance and Tumor Microenvironment Remodeling ,2026/05/27,Expression profiling by high throughput sequencing,0.0,"Background: Glioblastoma (GBM) is a highly aggressive brain tumor, with glioblastoma stem cells (GSCs) occupying the pinnacle of a complex tumor micro",A?(小样本),摘要含瘤种词(样本标题无特征),-,"2907 cells, shCONT-a"
GSE280865,200280865,6,Dual-targeting pharmacological UFMylation inhibition reprograms tumor and immune,2026/04/28,Expression profiling by high throughput sequencing,0.0,"UFMylation, a recently identified ubiquitin-like modification, is essential for cellular stress homeostasis, particularly endoplasmic reticulum (ER) s",B,非目标瘤种/类型(细胞系/处理实验=6),细胞系/处理实验=6,"U87-DMSO, replicate1, bulk-RNA-seq"
GSE294242,200294242,6,Effects of HNRNPH1 silencing on global transcriptomic changes in glioblastoma,2026/04/08,Expression profiling by high throughput sequencing,0.0,Glioblastoma (GBM) is an aggressive and deadly brain tumor with a poor prognosis despite advances in therapeutic intervention. Clinical trials of targ,B,非目标瘤种/类型(细胞系/处理实验=6),细胞系/处理实验=6,U87ctrl_1
GSE299968,200299968,6,AATF supports proliferation of glioblastoma cells by sustaining mitochondrial re,2026/04/02,Expression profiling by high throughput sequencing,0.0,"The ability of cancer cells to promote cellular proliferation by preferentially using glycolysis as primary source of energy, has long been considered",B,非目标瘤种/类型(细胞系/处理实验=6),细胞系/处理实验=6,"U138, siAATF, rep2"
GSE282771,200282771,6,CD47 activates ROBO2 signaling to regulate glioblastoma cell plasticity and meta,2026/03/09,Expression profiling by high throughput sequencing,0.0,"CD47 inhibits phagocytosis by myeloid cells, contributing to immune evasion by cancer cells. Although CD47-blocking antibodies have shown promise in t",B,非目标瘤种/类型(细胞系/处理实验=3),细胞系/处理实验=3,U-87MG_Wild-Type-Control_rep2
GSE319888,200319888,6,Transcriptional regulation by TES and TEAD1 in SNB19 glioblastoma cells: RNA-seq,2026/02/23,Expression profiling by high throughput sequencing,0.0,"This study investigates transcriptional regulation by TES (TEAD1 Epigenetic Silencer, an engineered epigenetic silencer factor targeting the YAP/TAZ-T",A?(小样本),摘要含瘤种词(样本标题无特征),-,"SNB19 TES-expressing, biological replicate 1"
GSE309579,200309579,6,"Integrative Single-Cell RNA and ATAC Sequencing Uncovers Dosage-Sensitive, Clust",2026/02/16,Genome binding/occupancy profiling by high throughput sequen,0.0,"Glioblastoma (GBM) is an aggressive brain tumor that inevitably recurs after radiation therapy, resulting in poor patient outcomes. Given GBM’s cellul",C,单细胞/空间数据,细胞系/处理实验=6,GSC20 cells treated with 2Gy radiation for sc
GSE318134,200318134,6,Low-dose TNF-α drives malignant progression and lipid metabolism in glioblastoma,2026/02/04,Expression profiling by high throughput sequencing,0.0,"Lipid metabolism plays a critical role in the progression of cancers, including glioblastoma (GBM). Tumor necrosis factor-α (TNF-α) exhibits a dual ro",B,非目标瘤种/类型(细胞系/处理实验=6),细胞系/处理实验=6,"U251 cells, KD, rep3"
GSE318064,200318064,6,Low-dose TNF-α drives malignant progression and lipid metabolism in glioblastoma,2026/02/04,Expression profiling by high throughput sequencing,0.0,"Lipid metabolism plays a critical role in the progression of cancers, including glioblastoma (GBM). Tumor necrosis factor-α (TNF-α) exhibits a dual ro",B,非目标瘤种/类型(细胞系/处理实验=6),细胞系/处理实验=6,"U251 cells,NC,rep3"
GSE316867,200316867,6,Metabolic licensing of quiescent glioblastoma activation and immune evasion via ,2026/01/31,Expression profiling by high throughput sequencing,0.0,The reaction of quiescent tumor cell subpopulations at the invasive margin of glioblastoma (GBM) might be cleared by immune surveillance toward death ,A?(小样本),摘要含瘤种词(样本标题无特征),-,cycling mito received-2
GSE234341,200234341,6,CRISPR activation screen identifies GNAO1 as a driver of glioblastoma cell diffe,2026/01/07,Expression profiling by high throughput sequencing,0.0,"Inducing tumor cell differentiation is a potential strategy for treating malignant cancers, including glioma. Here we perform a genome-scale CRISPR ac",B,非目标瘤种/类型(细胞系/处理实验=6),细胞系/处理实验=6,"GSC R83 cells, WT, rep3"
GSE313613,200313613,6,Effect of chronic mechanical compression on immortalized human astrocytes,2025/12/18,Expression profiling by high throughput sequencing,0.0,Immortalized human astrocytes were subjected to a controlled in vitro model of chronic mechanical compression to investigate how solid stress—similar ,A?(小样本),摘要含瘤种词(样本标题无特征),-,"IHA, Control, Biol Rep 1"
GSE313045,200313045,6,Pharmacologic reversion of Merkel cell carcinoma via CBP/p300 inhibition,2025/12/17,Expression profiling by high throughput sequencing,0.0,Merkel cell polyomavirus (MCV) T antigen functions as an oncoprotein that drives the transformation of Merkel cell carcinoma (MCC) cells by activating,B,非目标瘤种/类型(细胞系/处理实验=6),细胞系/处理实验=6,"CVG-1-A-485, biol rep1"
GSE304026,200304026,6,Histone methyltransferase PRDM9 promotes survival of drug-tolerant persister cel,2025/09/30,Expression profiling by high throughput sequencing,0.0,Chemotherapy often kills a large fraction of cancer cells but leaves behind a small population of drug-tolerant persister cells. These persister cells,A?(小样本),摘要含瘤种词(样本标题无特征),-,FPW1_Parent_n=3
GSE275053,200275053,6,Extrachromosomal DNA Associates with Nuclear Condensates and Reorganizes Chromat,2025/09/18,Other,0.0,"Extrachromosomal, circular DNA (ecDNA) is a prevalent and significant oncogenic alteration in cancer genomes. Its frequency is associated with aggress",E2,非表达谱技术(非表达谱),细胞系/处理实验=6,GBM171DM_ChIA-Drop-rep2
GSE242008,200242008,6,Effect of knockdown of GRIK1 on gene expression dring glioblastoma progression,2025/08/31,Expression profiling by high throughput sequencing,0.0,Glioblastoma (GBM) is the most aggressive cancer in brain and contains a high mortality rate due to lack of effective treatment strategy. Molecular me,B,非目标瘤种/类型(细胞系/处理实验=6),细胞系/处理实验=6,U87-GRIK1-siRNA3
GSE306109,200306109,6,Transcriptomic data of inhibition of CDK12 in GBM12 cell line by SR-4835 treatme,2025/08/29,Expression profiling by high throughput sequencing,0.0,"This dataset contains transcriptomic profiles of the human glioblastoma cell line GBM12 following treatment with SR-4835, a selective CDK12 inhibitor.",B,非目标瘤种/类型(细胞系/处理实验=3),细胞系/处理实验=3,"GBM12 cells, SR-1"
GSE304176,200304176,6,The Dual Role of CREPT in Glioblastoma: Promoting Proliferation and Shaping an I,2025/08/04,Expression profiling by high throughput sequencing,0.0,"Elevated CREPT promotes tumor cell proliferation and enhances CCL2 secretion, thereby recruiting Chemo-MOs. These Chemo-MOs then engage in regulatory ",B,非目标瘤种/类型(细胞系/处理实验=6),细胞系/处理实验=6,"U87MG cells,shControl, rep2"
GSE246649,200246649,6,Effect of HSD52 overexpression on gene expression in LN229 glioma cells,2025/05/29,Expression profiling by high throughput sequencing,0.0,"In order to study the effect of HSD52 on the malignant progression and chemotherapy resistance of glioma, we examined the effect of HSD52 on the gene ",B,非目标瘤种/类型(细胞系/处理实验=6),细胞系/处理实验=6,LN229 control-2
GSE264270,200264270,6,Menin is a Targetable Epigenetic Regulator in Glioblastoma (RNA-Seq),2025/04/17,Expression profiling by high throughput sequencing,0.0,Glioblastomas (GBM) are highly lethal tumors that are refractory to treatment. Here we describe a novel approach to target the epigenetic landscape of,B,非目标瘤种/类型(细胞系/处理实验=6),细胞系/处理实验=6,MSK_19 cell MEN1_KO rep1
GSE285922,200285922,6,TRAF3 loss protects glioblastoma cells from lipid peroxidation and immune elimin,2025/03/11,Expression profiling by high throughput sequencing,0.0,Glioblastoma (GBM) is a highly aggressive form of brain tumor characterized by dysregulated metabolism. Increased fatty acid oxidation (FAO) protects ,A?(小样本),摘要含瘤种词(样本标题无特征),-,"GBM0709 cells, Control_1"
GSE277539,200277539,6,CYP3A5 promotes glioblastoma stemness and chemoresistance through fine-tuning NA,2025/01/08,Expression profiling by high throughput sequencing,0.0,Background. Glioblastoma multiforme (GBM) exhibits a cellular hierarchy with a subpopulation of stem-like cells known as glioblastoma stem cells (GSCs,B,非目标瘤种/类型(细胞系/处理实验=6),细胞系/处理实验=6,U87 spheres sgControl-2
GSE248703,200248703,6,Nuclear GTPSCS functions as a lactyl-CoA synthetase to promote histone lactylati,2024/11/26,Expression profiling by high throughput sequencing,0.0,"Histone lysine lactylation is a physiologically relevant epigenetic pathway that can be stimulated by the Warburg effect and L-lactate. Nevertheless, ",A?(小样本),摘要含瘤种词(样本标题无特征),-,WT_2
GSE276103,200276103,6,Divergence from the human astrocyte developmental trajectory in glioblastoma [Me,2024/10/31,Methylation profiling by high throughput sequencing,0.0,Glioblastoma (GBM) is defined by heterogenous and resilient cell populations that closely reflect neurodevelopmental cell types. While it is clear tha,E2,非表达谱技术(非Expression类型;甲基化),-,"MeDIP-seq, GBM33, tumor"
GSE276102,200276102,6,Divergence from the human astrocyte developmental trajectory in glioblastoma [hM,2024/10/31,Methylation profiling by high throughput sequencing,0.0,Glioblastoma (GBM) is defined by heterogenous and resilient cell populations that closely reflect neurodevelopmental cell types. While it is clear tha,E2,非表达谱技术(非Expression类型;甲基化),-,"hMe-Seal-seq, GBM43, tumor"
GSE197990,200197990,6,RNA sequencing facilitates quantitative analysis of glioma stem cells with or wi,2024/08/31,Expression profiling by high throughput sequencing,0.0,Purpose: The goals of this study are to compare control with dbcAMP treatment GSC11 cells transcriptome profiling (RNA-seq).,B,非目标瘤种/类型(细胞系/处理实验=6),细胞系/处理实验=6,GSC11 dbcAMP  rep3
GSE212325,200212325,6,"EGFR and EGFRvIII coopt host defense pathways, promoting progression in glioblas",2024/08/29,Expression profiling by high throughput sequencing,0.0,"To investigate the function of TLR2 in EGFR and EGFRvIII co-expressing glioblastoma cells, we knocked out TLR2 by CRISPR.",A?(小样本),摘要含瘤种词(样本标题无特征),-,EGFR_vIII_T2_KO_WWZA-B3
GSE261684,200261684,6,STC1 promotes temozolomide resistance of glioblastoma through STAT3-mediated reg,2024/04/30,Expression profiling by high throughput sequencing,0.0,Resistance to temozolomide (TMZ) is one of the major challenges for glioblastoma (GBM) therapy while the underlying mechanisms demand further explorat,A?(小样本),摘要含瘤种词(样本标题无特征),-,"DBTRG cells, rigid dish 2D cultured, replicat"
GSE255581,200255581,6,GDNF/GFRA1 signaling contributes to chemo- and radioresistance in glioblastoma,2024/02/13,Expression profiling by high throughput sequencing,66.7,"Glioblastoma (GBM) is the most common primary brain tumor in adults, characterized by an inherent aggressivity and resistance to treatment leading to ",A?(小样本),瘤种词样本67%,细胞系/处理实验=3,Control T78 GBM cells
GSE248634,200248634,6,Effect of Regnase-2/MCPIP2/ZC3H12B overexpression in human glioblastoma U-251 MG,2024/01/24,Expression profiling by high throughput sequencing,0.0,Regnase-2/MCPIP2/ZC3H12B is a protein belonging to the ZC3H12 protein family. There are three other proteins of this family present in humans of which,A?(小样本),摘要含瘤种词(样本标题无特征),-,"U-251 MG, M2, replicate 2 [20684-002]"
GSE229672,200229672,6,Threonine fuels glioblastoma through YRDC-mediated codon-biased translational re,2024/01/06,Expression profiling by high throughput sequencing; Other,0.0,"To understand the underlying mechanism of YRDC, an enzyme catalysing the formation of N6-threonylcarbamoyladenosine (t6A) on ANN-decoding tRNAs, and t",A?(小样本),摘要含瘤种词(样本标题无特征),-,RIBO-KD_2
GSE228008,200228008,6,Next Generation Sequencing Facilitates Quantitative Analysis of Transcriptomes o,2023/12/24,Expression profiling by high throughput sequencing,0.0,"To investigate the effect of overexpression of STING in U251 cells, we then performed gene expression profiling analysis using data obtained from RNA-",B,非目标瘤种/类型(细胞系/处理实验=6),细胞系/处理实验=6,"U251 cells, NC3"
GSE245854,200245854,6,Lactate Reprograms Glioblastoma Immunity through CBX3-regulated Histone Lactylat,2023/10/26,Expression profiling by high throughput sequencing,0.0,"Glioblastoma (GBM), an aggressive brain malignancy with a cellular hierarchy dominated by GBM stem cells (GSCs), evades anti-tumor immunity through me",B,非目标瘤种/类型(细胞系/处理实验=6),细胞系/处理实验=6,GSC23_shCONT_Rep_2
GSE245635,200245635,6,Hypoxia-induced circPLOD2a/b promote migration and invasion of GBM cells via sup,2023/10/23,Expression profiling by high throughput sequencing,0.0,"Background. Glioblastoma (GBM) is the most lethal form of brain tumors in human adults, and hypoxia is a common microenvironment in this disease. Circ",B,非目标瘤种/类型(细胞系/处理实验=6),细胞系/处理实验=6,"U87, hypoxia, 24h rep1"
GSE226765,200226765,6, Preclinical development of brain permeable ERβ agonist for the treatment of gli,2023/09/18,Expression profiling by high throughput sequencing,0.0,We examined the mechanisms by estrogen receptor beta agonist CIDD-0149897 regulates glioma progression. Glioma stem cells (GSCs) were treated with CID,B,非目标瘤种/类型(细胞系/处理实验=6),细胞系/处理实验=6,GSC-040815-97-48h-3
GSE242231,200242231,6,Effect of knockdown of HEXB on gene expression of GSC1 cells.,2023/09/07,Expression profiling by high throughput sequencing,0.0,"To explore the mechanism of HEXB regulating GBM cell glycolysis, we transcriptionally profiled endogenous HEXB-silenced GSC1 for further enrichment an",A?(小样本),摘要含瘤种词(样本标题无特征),-,shNC_2
GSE240516,200240516,6,CCDC50 promotes glioblastoma progression through regulating EGFR cell-surface re,2023/08/21,Expression profiling by high throughput sequencing,0.0,"Glioblastomas (GBM) are a kind of malignant tumor with high mortality. However, the mechanism of tumor progression remains poorly understood. Specific",B,非目标瘤种/类型(细胞系/处理实验=6),细胞系/处理实验=6,U87 shCCDC50-1 rep1
GSE218042,200218042,6,RNA-seq of glioblastoma stem cells with shRNA-mediated CCR7 knockdown,2023/08/04,Expression profiling by high throughput sequencing,0.0,RNA-seq of glioblastoma stem cells with shRNA-mediated CCR7 knockdown,A?(小样本),摘要含瘤种词(样本标题无特征),-,shCCR7_2_1
GSE178337,200178337,6,RNA-seq of glioblastoma stem cells with CCL21 treatment,2023/08/04,Expression profiling by high throughput sequencing,0.0,RNA-seq of glioblastoma stem cells with CCL21 treatment,B,非目标瘤种/类型(细胞系/处理实验=6),细胞系/处理实验=6,GSC20_IgGisotype_Control_3
GSE155808,200155808,6,The DYRK1A protein kinase is recruited to a subset of ribosomal protein gene pro,2023/08/01,Expression profiling by high throughput sequencing,0.0,"Ribosomal protein genes (RPGs) coding sequences are highly conserved along evolution; however, promoter features and the machinery involved in their t",D,样本标题/摘要无特征词,-,shDYRK1A-1B
GSE236661,200236661,6,TRIM25 promotes glioblastoma cell growth and invasion via regulation of the PRMT,2023/07/11,Expression profiling by high throughput sequencing,0.0,"Ubiquitination plays an important role in proliferating and invasive characteristic of glioblastoma (GBM), similar to many other cancers. Tripartite m",A?(小样本),摘要含瘤种词(样本标题无特征),-,229 NC_2
GSE153794,200153794,6,The different role of YKL-40 in glioblastoma is a function of MGMT promoter meth,2023/07/01,Expression profiling by high throughput sequencing,0.0,"To explore what could distinguish the difference in the function of YKL-40 in GSCs, we performed RNA-Seq to identify the molecular subclasses of each ",D,样本标题/摘要无特征词,-,WZ12
GSE212171,200212171,6,MiR-146a-5p deficiency in extracellular vesicles of glioma-associated macrophage,2023/06/28,Non-coding RNA profiling by high throughput sequencing,0.0,Background: Glioma-associated macrophages (GAMs) are one of the most important cellular components in the tumor immune microenvironment (TIME). GAMs d,B,非目标瘤种/类型(细胞系/处理实验=6),细胞系/处理实验=6,"THP-1 EVs, M1-like GAM, rep1"
GSE203177,200203177,6,SPRK1 shRNA and overexpression followed by RNA-seq in glioblastoma cells,2023/05/15,Expression profiling by high throughput sequencing,100.0,SRPK1 is an SR (serine-arginine) protein kinase with an emerging role as a therapeutic target. SRPK1 phosphorylates the SR family of core spliceosomal,E,瘤种词100%但细胞系/处理主导(6),细胞系/处理实验=6,"Glioblastoma Non-treated cells, rep1 "
GSE226990,200226990,6,Reticulocalbin 3 is a Novel Mediator of Glioblastoma Progression,2023/04/19,Expression profiling by high throughput sequencing,0.0,Patient-derived primary GSCs were established from discarded specimens obtained from glioblastoma (GBM) patients undergoing surgery at UT Health San A,B,非目标瘤种/类型(细胞系/处理实验=6),细胞系/处理实验=6,GSC040815_RCN3 knockdown_1
GSE227721,200227721,6,Ancient ubiquitous protein 1 (AUP1) is a prognostic biomarker connected with TP5,2023/03/24,Expression profiling by high throughput sequencing,0.0,"To investigate the changes of the transcriptome and relevent signalling between control and siAUP1 treated glioblastoma cell line, U87MG.",B,非目标瘤种/类型(细胞系/处理实验=6),细胞系/处理实验=6,U87MG_siAUP1_1
GSE149334,200149334,6,Glioblastoma cells treated with MI3 or DMSO,2023/02/15,Expression profiling by high throughput sequencing,0.0,Self-renewal is a crucial property of glioblastoma cells and is enabled by the choreographed function of chromatin regulators and transcription factor,B,非目标瘤种/类型(细胞系/处理实验=3),细胞系/处理实验=3,G523_DMSO 1
GSE149324,200149324,6,MacroH2A2 knockdown vs control RNA-seq in primary glioblastoma cells,2023/02/15,Expression profiling by high throughput sequencing,0.0,Self-renewal is a crucial property of glioblastoma cells and is enabled by the choreographed function of chromatin regulators and transcription factor,A?(小样本),摘要含瘤种词(样本标题无特征),-,G523_shH2AFY2aA [RNA-seq KD]
GSE194222,200194222,6,"Control, TNFα and TNFα+JNK I treated GSCs",2022/08/24,Expression profiling by high throughput sequencing; Genome b,0.0,This SuperSeries is composed of the SubSeries listed below.,D,样本标题/摘要无特征词,-,RNA-Seq: TPC2-4 TNFα
GSE201639,200201639,6,RBFOX1 overexpression in the human glioblastoma cell line A172,2022/07/19,Expression profiling by high throughput sequencing,0.0,"The goal of this study was to investigate the regulatory events underlying post-transcriptional changes in gene expression, and more specifically in m",B,非目标瘤种/类型(细胞系/处理实验=6),细胞系/处理实验=6,A172_Stable_GFP_05_1
GSE186442,200186442,6,DAXX-ATRX-H3.3 Regulation of p53 Chromatin Binding and DNA Damage Response [ChIP,2022/07/19,Genome binding/occupancy profiling by high throughput sequen,0.0,DAXX and ATRX are tumor suppressor proteins that form a complex with histone H3.3 chaperone and are frequently mutated in cancers with the alternative,E2,非表达谱技术(非Expression类型;ChIP/结合),-,"p53, DAXX WT cells"
GSE200574,200200574,6,Transcriptomic sequencing analysis of glioblastoma cell lines DBTRG and U251.,2022/04/18,Expression profiling by high throughput sequencing,0.0,We showed that DBTRG is more invasive than U251 cell lines by novel brain-stiffness-mimicking matrix gel invasion platform and transwell invasion assa,B,非目标瘤种/类型(细胞系/处理实验=6),细胞系/处理实验=6,"DBTRG cells, rep3"
GSE200162,200200162,6,RNA-Seq of U251 glioblastoma cell line with and without (-)-SDS-1-021.,2022/04/11,Expression profiling by high throughput sequencing,0.0,RNA-Seq analyses polysome-bound mRNAs of glioblastoma cell line NSC11 after 10nM (-)-SDS-1-021 treatement to evaluate drug-induced changes in mRNA tra,B,非目标瘤种/类型(细胞系/处理实验=6),细胞系/处理实验=6,"U251 cells vehicle treated, collected at 6h, "
GSE200031,200200031,6,Transcriptome (RNA-Seq) of the stable overexpression of lncRNA XLOC013218 U251 c,2022/04/05,Expression profiling by high throughput sequencing,0.0,We present RNA-Seq data obtained from U251 control cells and U251 cells with stable overexpression of lncRNA XLOC13218 to identify differentially expr,B,非目标瘤种/类型(细胞系/处理实验=6),细胞系/处理实验=6,U251 control replicate 3
GSE149845,200149845,6,Next Generation Sequencing of Transcriptomes of human cells expressing the human,2022/03/15,Expression profiling by high throughput sequencing,0.0,"We discovered a new human gene, LY6S, coding for an LY6-like protein. TransMap and phylogenetic studies reveal that LY6S is the homolog of the murine ",D,样本标题/摘要无特征词,-,DU7
GSE159456,200159456,6,Paired-end Sequencing of Transcriptomes of human cells expressing the human gene,2022/01/11,Expression profiling by high throughput sequencing,0.0,"We discovered a new human gene, LY6S, coding for an LY6-like protein. TransMap and phylogenetic studies reveal that LY6S is the homolog of the murine ",D,样本标题/摘要无特征词,-,DU9_PE
GSE183606,200183606,6,Rutaecarpine inhibits glioblastoma migration by activating the aryl hydrocarbon ,2021/12/07,Expression profiling by high throughput sequencing,0.0,Glioblastoma is the most frequent and aggressive primary astrocytoma in adults. The high migration ability of the tumor cells is an important reason f,B,非目标瘤种/类型(细胞系/处理实验=6),细胞系/处理实验=6,"U87 cells, Rutaecarpin group 2"
GSE179667,200179667,6,RNA seq NVP-BEZ235 treatment of U87MG cells,2021/12/01,Expression profiling by high throughput sequencing,0.0,Glioblastoma (GBM) is the most lethal primary brain cancer that lacks effective molecular targeted therapies. PI3K/AKT/mTOR signaling pathway is activ,B,非目标瘤种/类型(细胞系/处理实验=6),细胞系/处理实验=6,"U87MG cells, NVPU87_3"
GSE149366,200149366,6,Glioblastoma stem cells after treatment with sulconazole.,2021/09/05,Expression profiling by high throughput sequencing,0.0,"Glioblastoma (GBM) is a uniformly lethal disease that is driven by GBM stem cells (GSCs). However, methods that selectively eradicate the GSCs remain ",B,非目标瘤种/类型(细胞系/处理实验=3),细胞系/处理实验=3,TS543 SN-1
GSE178260,200178260,6,Dual role of Integrin alpha-6 in glioblastoma: supporting stemness in proneural ,2021/06/30,Expression profiling by high throughput sequencing,0.0,"Therapeutic resistance after multimodal therapy is the most relevant cause of glioblastoma (GBM) recurrence. Extensive cellular heterogeneity, mainly ",B,非目标瘤种/类型(细胞系/处理实验=6),细胞系/处理实验=6,GSC90-shITGA6 replicate 2
GSE174617,200174617,6,BRD4 inhibition boosts the therapeutic effects of epidermal growth factor recept,2021/05/20,Expression profiling by high throughput sequencing,0.0,"Glioblastoma (GBM) is the deadliest brain malignancy without effective treatments. Here, we report that epidermal growth factor receptor-targeted chim",B,非目标瘤种/类型(细胞系/处理实验=6),细胞系/处理实验=6,"U87, JQ1_EGFR-CAR-T"
GSE158097,200158097,6,Biophysically patterned glioblastoma model via rapid 3D bioprinting for investig,2021/04/21,Expression profiling by high throughput sequencing,0.0,Purpose: Our goals of transcriptome profiling (RNA-seq) and quantitative reverse transcription polymerase chain reaction (qRT–PCR) methods in our stud,A?(小样本),摘要含瘤种词(样本标题无特征),-,TS576 cells in 3D stiff hydrogel_rep2
GSE163108,200163108,6,Inhibitory CD161 Receptor Identified in Glioma-infiltrating T cells by Single Ce,2021/02/17,Expression profiling by high throughput sequencing,100.0,"T cells are critical effectors of cancer immunotherapies, but little is known about their gene expression programs in diffuse gliomas. Here, we levera",C,单细胞/空间数据,-,Glioblastoma E37 10x
GSE166351,200166351,6,Identification of JMJD1C target genes in  LN-229 glioblastoma cells.,2021/02/09,Expression profiling by high throughput sequencing,0.0,JMJD1C shows ubiquitous expression and is often downregulated in tumor entities compared to healthy tissues.JMJD1C inhibit growth of the glioblastoma ,B,非目标瘤种/类型(细胞系/处理实验=6),细胞系/处理实验=6; 非人类模型=3,sh-JMJD1C treated rep1
GSE155052,200155052,6,Elevated ETV6 expression in glioma promotes an aggressive in vitro phenotype ass,2021/01/01,Expression profiling by high throughput sequencing,0.0,Purpose It has been postulated that glioblastoma (GBM) has the ability to hijack neural progenitor migration mechanisms to facilitate tumor progressio,B,非目标瘤种/类型(细胞系/处理实验=6),细胞系/处理实验=6,ETV6-shRNA-U251-1
GSE159889,200159889,6,MSI1 promotes the expression of the GBM stem cell marker CD44 by impairing miRNA,2020/12/15,Expression profiling by high throughput sequencing,0.0,"The stem cell marker Musashi1 (MSI1) is highly expressed during neurogenesis and in Glioblastoma (GBM). In cancer and non-malignant progenitor cells, ",A?(小样本),摘要含瘤种词(样本标题无特征),-,siC_3
GSE159739,200159739,6,MSI1 promotes the expression of the GBM stem cell marker CD44 by impairing miRNA,2020/12/15,Expression profiling by high throughput sequencing,0.0,"The stem cell marker Musashi1 (MSI1) is highly expressed during neurogenesis and in Glioblastoma (GBM). In cancer and non-malignant progenitor cells, ",A?(小样本),摘要含瘤种词(样本标题无特征),-,HAL-1_2
GSE158740,200158740,6,The RNA m6A reader YTHDF2 maintains oncogene expression and is a targetable depe,2020/09/29,Expression profiling by high throughput sequencing,0.0,"Glioblastoma is a universally lethal cancer driven by glioblastoma stem cells (GSCs). Here, we interrogated N6-methyladenosine (m6A) mRNA modification",A?(小样本),摘要含瘤种词(样本标题无特征),-,387g2
GSE137453,200137453,6,Long noncoding RNA expression profiles analysis in GBM patient-derived cells sti,2020/07/29,Non-coding RNA profiling by high throughput sequencing,0.0,Long noncoding RNAs (lncRNAs) are key regulators of gene expression both in physiological and pathological conditions. Previous studies showed changes,A?(小样本),摘要含瘤种词(样本标题无特征),-,Control_3
GSE112735,200112735,6,A genome-wide screen identifies E2F6 as critical factor for TMZ chemoresistance ,2020/06/04,Expression profiling by high throughput sequencing,0.0,we conducted a genome-wide screen by clustered regularly interspaced short palindromic repeats (CRISPR)-Cas9 library to identify genes which are parti,B,非目标瘤种/类型(细胞系/处理实验=6),细胞系/处理实验=6,U87EGFRvIII rep3
GSE148685,200148685,6,A mechanism for microRNA arm switching regulated by uridylation [RNA-seq],2020/04/15,Expression profiling by high throughput sequencing,0.0,"Strand selection is a critical step in microRNA (miRNA) biogenesis. Although the dominant strand may alter depending on cellular contexts, the molecul",A?(小样本),摘要含瘤种词(样本标题无特征),-,miR-324-3p.1 duplex RNA-seq replicate 2
GSE138113,200138113,6,Glioma-derived miRNA-containing extracellular vesicles induce angiogenesis by re,2019/12/20,Expression profiling by high throughput sequencing,0.0,Glioblastoma multiforme (GBM) is characterized by the close relationship of glioma stem cells (GSC) with aberrant vascularization. It has been establi,A?(小样本),摘要含瘤种词(样本标题无特征),-,EXP1-EGM_longRNA
GSE134973,200134973,6,Targeting Glioblastoma Stem Cells through Disruption of the Circadian Clock [RNA,2019/10/24,Expression profiling by high throughput sequencing,0.0,"Glioblastomas are highly lethal cancers, containing self-renewing glioblastoma stem cells (GSCs). Here, we show that GSCs, differentiated glioblastoma",A?(小样本),摘要含瘤种词(样本标题无特征),-,387_shBMAL1.1536
GSE119711,200119711,6,Elucidating the microRNA-203 specific biological processes in glioblastoma cells,2019/09/07,Expression profiling by high throughput sequencing,0.0,We report the application of high-throughput RNA-sequencing Profile of miR-203 expressing glioma U251 cells. Glioblastoma (GBM) is the most common pri,B,非目标瘤种/类型(细胞系/处理实验=6),细胞系/处理实验=6,pEV- U251_Control_Repeat_1
GSE117543,200117543,6,Low cytosolic folate cycling is a hallmark of U251 glioblastoma cells reprogramm,2019/07/01,Expression profiling by high throughput sequencing,0.0,we report that U251 glioblastoma tumor spheres exhibit low cytosolic folate cycle and a reprogrammmed mitochondrial folate cycle that is presumably or,B,非目标瘤种/类型(细胞系/处理实验=6),细胞系/处理实验=6,U251 monolayer cells biological replicate 1- 
GSE129142,200129142,6,Identification of elevated A-to-I editing sites due to expression of an active A,2019/04/02,Genome variation profiling by high throughput sequencing,0.0,We have analyzed RNA-seq data to identify A-to-I editing sites in two groups of samples: one group isolated from human U87 cell line expressing an act,B,非目标瘤种/类型(细胞系/处理实验=6),细胞系/处理实验=6,RNA-seq_ADAR3_active Rep1
GSE111231,200111231,6,Perivascular signals alter global genomic profile of glioblastoma and response t,2018/09/01,Expression profiling by high throughput sequencing,0.0,"Glioblastoma (GBM) is the most common primary malignant brain tumor, with patients exhibiting poor survival (median survival time: 15 months). Difficu",B,非目标瘤种/类型(细胞系/处理实验=6),细胞系/处理实验=6,Mixed Culture (N_mix) rep3
GSE106545,200106545,6,Next Generation Sequencing Facilitates Quantitative Analysis of Wild Type and AX,2017/11/06,Expression profiling by high throughput sequencing,0.0,Next-generation sequencing (NGS) has revolutionized systems-based analysis of cellular pathways. The goals of this study are to compare Wild Type astr,B,非目标瘤种/类型(细胞系/处理实验=6),细胞系/处理实验=6,WT rep1
GSE102244,200102244,6,Zika Virus Has Oncolytic Activity against Glioblastoma Stem Cells,2017/08/23,Expression profiling by high throughput sequencing,0.0,"We explored the utility of oncolytic virus therapy against glioblastoma with Zika virus (ZIKV), a flavivirus that induces cell death and differentiati",B,非目标瘤种/类型(细胞系/处理实验=3),细胞系/处理实验=3,4121 NSTC
GSE87617,200087617,6,Identifying ASCL1 target genes in primary GBM stem cell cultures [RNA-seq],2017/07/13,Expression profiling by high throughput sequencing,0.0,ASCL1 mediates neuronal differentiation of GBM stem cell (GSC) cultures. We sought to identify targets of ASCL1 in primary human GSC cultures. In this,B,非目标瘤种/类型(细胞系/处理实验=6),细胞系/处理实验=6,ASCL1-KO DOX treatment rep2
GSE86348,200086348,6,RNA-sequencing analysis in human glioma stem cell,2016/11/23,Expression profiling by high throughput sequencing; Non-codi,0.0,Glioblastomas show heterogeneous histological features. These distinct phenotypic states are thought to be associated with the presence of glioma stem,B,非目标瘤种/类型(细胞系/处理实验=6),细胞系/处理实验=6,GSC-1228_si-JAG1_rep1
GSE72477,200072477,6,Identifying RBBP4-regulated transcriptome in T98G glioblastoma (GBM) cells using,2016/08/27,Expression profiling by high throughput sequencing; Genome b,0.0,This SuperSeries is composed of the SubSeries listed below.,B,非目标瘤种/类型(细胞系/处理实验=2),细胞系/处理实验=2,NT-K9Ac ChIPSeq
GSE73573,200073573,6,Expression data for KDM1B knockdown in Glioma-Initiating Cells (GICs),2015/12/28,Expression profiling by high throughput sequencing,0.0,"Glioblastoma (GBM) is the most common and aggressive primary brain tumor in adults, with glioma initiating cells (GICs) implicated to be critical for ",B,非目标瘤种/类型(细胞系/处理实验=6),细胞系/处理实验=6,D456MG GICs NT rep1
GSE309232,200309232,6,Matrix viscoelasticity regulates dendritic cell migration and immune priming [AT,2026/05/13,Genome binding/occupancy profiling by high throughput sequen,0.0,"The tumor microenvironment shapes immune surveillance through its mechanical properties, yet the role of matrix viscoelasticity remains unclear. Here,",E2,非表达谱技术(非Expression类型;ChIP/结合),-,ATAC_Donor_3_slow_relaxing
GSE272124,200272124,6,Pan-cancer analysis combining RNA-seq reveals that ZNF25 contributes to glioma p,2026/05/01,Expression profiling by high throughput sequencing,0.0,"Background: ZNF25, a member of zinc finger proteins with KRAB domains family genes, is a transcription factor. Previous reports showed it is a biomark",B,非目标瘤种/类型(细胞系/处理实验=6),细胞系/处理实验=6,"U87-MGcell,ZNF25,siRNA ,siZNF25-1"
GSE317354,200317354,6,Co-targeting neurotransmitter signaling and CDK9 to treat diffuse midline glioma,2026/04/24,Genome binding/occupancy profiling by high throughput sequen,0.0,Aberrant neurotransmitter signaling and transcriptional dysregulation are hallmarks of glioma and represent potential therapeutic targets. In this stu,E2,非表达谱技术(非Expression类型;ChIP/结合),细胞系/处理实验=6,"DIPGXIII, DMSO, 24hr, rep1"
GSE288782,200288782,6,LACTB inhibits lipid synthesis to suppress glioma growth by promoting Hsc70-medi,2026/02/05,Expression profiling by high throughput sequencing,0.0,"Abnormal lipid metabolism is a hallmark of tumor and represents an anti-cancer strategy. β-lactamase like protein (LACTB) is a novel tumor suppressor,",B,非目标瘤种/类型(细胞系/处理实验=6),细胞系/处理实验=6,"LN229, LACTB overexpression, rep 1"
GSE311314,200311314,6,KMT2A is a prerequisite of malignant transformation during IDH-mutant gliomagene,2026/01/06,Expression profiling by high throughput sequencing,0.0,"Background: IDH1R132H is the defining mutation of low-grade gliomas (LGGs), inflicting broad epigenetic rewiring that leads to malignant transformatio",B,非目标瘤种/类型(正常/非肿瘤组织=6),正常/非肿瘤组织=6; 细胞系/处理实验=3,"IDH1R132H immortalized human astrocytes, scra"
GSE283858,200283858,6,KMT2A is a prerequisite of malignant transformation during IDH-mutant gliomagene,2026/01/06,Expression profiling by high throughput sequencing,0.0,"Rationale: IDH1R132H is the defining mutation of low-grade gliomas (LGGs), inflicting broad epigenetic rewiring that leads to malignant transformation",B,非目标瘤种/类型(正常/非肿瘤组织=6),正常/非肿瘤组织=6,"IDH1R132H immortalized human astrocytes, cont"
GSE307234,200307234,6,Transcriptomic Regulation Driven by TCF12 Isoform Switching,2025/11/11,Expression profiling by high throughput sequencing,0.0,"TCF12 is a member of the basic helix–loop–helix (bHLH) transcription factor family, which functions through homo- or heterodimerization with other bHL",D,样本标题/摘要无特征词,-,I16_rep1
GSE277976,200277976,6,Identification of lncMB3-dependent transcriptome in MYC-amplified D283 Med cells,2025/09/30,Expression profiling by high throughput sequencing,0.0,Medulloblastoma (MB) stands as the most prevalent malignant pediatric tumor affecting the central nervous system. Categorized into four primary subgro,D,样本标题/摘要无特征词,-,G3_Medullo_SCR3
GSE286180,200286180,6,Effect of RIPK2 knockdown on U118 cells related behavior,2025/07/16,Expression profiling by high throughput sequencing,0.0,"IFN-Ⅰ plays an important role in the progression of LGG. We used a set of genes from MsigDB associated with interferon alpha responses, bioinformatic ",D,样本标题/摘要无特征词,-,"U118 cells, siNC, Day2"
GSE300877,200300877,6,Diverse roles of SERPINE1 in regulating cellular proliferation and invasion,2025/07/03,Expression profiling by high throughput sequencing,0.0,"SERPINE1 is involved in various biological processes, but its roles in promoting or suppressing tumorigenesis remain controversial. To understand the ",D,样本标题/摘要无特征词,-,C918shc
GSE293770,200293770,6,H3F3A K27M Mutations Drive a Repressive Transcriptome by Modulating Chromatin Ac,2025/04/30,Genome binding/occupancy profiling by high throughput sequen,0.0,Heterozygous histone H3.3K27M mutation is a primary oncogenic driver of Diffuse Midline Glioma (DMG). H3.3K27M inhibits the Polycomb Repressive Comple,E2,非表达谱技术(非Expression类型;ChIP/结合),-,SF8628_K27M_rep1
GSE262741,200262741,6,Transcriptome analysis of neuronal-like cells conversed from U251 cells incubate,2024/08/17,Expression profiling by high throughput sequencing,0.0,"Glioma, the most common primary tumor in the central nervous system, presents significant challenges in treatment. Researchers are now investigating n",B,非目标瘤种/类型(细胞系/处理实验=6),细胞系/处理实验=6,"U251 cells incubated SLCDS, experimental samp"
GSE240809,200240809,6,Comparative gene expression profiling analysis of RNA-seq data for U251 control ,2024/05/01,Expression profiling by high throughput sequencing,0.0,"Gliomas are the most common type of primary brain tumors, accounting for approximately 80% of all malignant brain tumors. The m6A RNA methylation proc",B,非目标瘤种/类型(细胞系/处理实验=6),细胞系/处理实验=6,U251 NC 3
GSE227796,200227796,6,Rapid PTEFb-dependent transcriptional reorganization underpins the glioma adapti,2024/04/15,Genome binding/occupancy profiling by high throughput sequen,0.0,"Using a combination of ChIP-, ATAC-, RNA-seq, and CUT&RUN in model systems of diffuse intrinsic pontine glioma and other pediatric high-grade gliomas,",E2,非表达谱技术(非Expression类型;ChIP/结合),细胞系/处理实验=6,"Histone_3_K27_acetylation, DIPG4, DMSO, repli"
GSE227792,200227792,6,Rapid PTEFb-dependent transcriptional reorganization underpins the glioma adapti,2024/04/12,Genome binding/occupancy profiling by high throughput sequen,0.0,"Using a combination of ChIP-, ATAC-, RNA-seq, and CUT&RUN in model systems of diffuse intrinsic pontine glioma and other pediatric high-grade gliomas,",E2,非表达谱技术(非Expression类型;ChIP/结合),细胞系/处理实验=6,"ATAC-seq, DIPG4, AZD4573, radiation, replicat"
GSE224742,200224742,6,Effect of depletion of SLC1A5 on gene expression in T98G glioma cell line.,2023/12/31,Expression profiling by high throughput sequencing,0.0,"To investigate the function of SLC1A5 in glioma cells, we establishedT98G cell line in which SLC1A5 has been knocked down by shRNA.",B,非目标瘤种/类型(细胞系/处理实验=6),细胞系/处理实验=6,"T98G cells, shControl 2"
GSE235568,200235568,6,Effects of HSV infection on glioma cells,2023/06/27,Expression profiling by high throughput sequencing,0.0,"To investigate the effect of HSV infection on glioma cells, we established a model of HSV infection",B,非目标瘤种/类型(细胞系/处理实验=6),细胞系/处理实验=6,U87-CTRL3
GSE213310,200213310,6,Effect of depletion of MIR222HG on gene expression of GSC267 glioma stem cells,2023/05/31,Expression profiling by high throughput sequencing,0.0,"To investigate the function of MIR222HG in the regulation of proneural-to-mesenchymal transition in glioma stem cells, we performed RNA sequencing in ",B,非目标瘤种/类型(细胞系/处理实验=6),细胞系/处理实验=6,GSC267_NC_1
GSE227791,200227791,6,Oligoadenylate synthetase-like (OASL) aggravated newcastle disease virus (NDV)-i,2023/05/01,Expression profiling by high throughput sequencing,0.0,Newcastle disease virus (NDV) has emerged as an oncolytic agent in several cancers. Previous study has shown that NDV exerts cytolytic activity in gli,B,非目标瘤种/类型(细胞系/处理实验=6),细胞系/处理实验=6,LN229_NDV_1
GSE202570,200202570,6,Effect of depletion of RBM47 on gene expression on U87 glioma cells,2023/02/01,Expression profiling by high throughput sequencing,0.0,"To investigate the function of RBM47, we established U87 cell lines in which target gene has been knocked down by siRNA.",B,非目标瘤种/类型(细胞系/处理实验=6),细胞系/处理实验=6,"U87 cells,control-3"
GSE167960,200167960,6,Single-cell RNA-seq data of human glioma,2023/01/11,Expression profiling by high throughput sequencing,0.0,Six freshly resected recurrent glioma samples were obatined to analyze the diversity of expression states of human gliomas. About 3000 cells from each,D,样本标题/摘要无特征词,-,Sample 39 GEXSCOPETM
GSE220716,200220716,6,Zinc Finger MYND-Type Containing 8 (ZMYND8) is epigenetically regulated in mutan,2022/12/19,Expression profiling by high throughput sequencing,0.0,"Mutant isocitrate dehydrogenase 1 (mIDH1) alters the epigenetic regulation of chromatin, leading to a hypermethylation phenotype in adult glioma. This",D,样本标题/摘要无特征词,-,parental3 [basal3 ]
GSE214801,200214801,6,Cancer-selective metabolic vulnerabilities in MYC-amplified medulloblastoma [RNA,2022/11/09,Expression profiling by high throughput sequencing,0.0,MYC-driven medulloblastoma (MB) is an aggressive pediatric brain tumor characterized by therapy resistance and disease recurrence. Here we integrated ,D,样本标题/摘要无特征词,-,31-MB002-2-AAVS1-t8_S31
GSE209919,200209919,6,Unified rhombic lip origins of Group 3 and Group 4 medulloblastoma [OTX2_KO],2022/09/23,Expression profiling by high throughput sequencing,0.0,RNA-seq profiling of medulloblastoma OTX-knockout.,D,样本标题/摘要无特征词,-,D283_1
GSE193635,200193635,6,Disruption of DNA Repair and Survival Pathways through Heat Shock Protein inhibi,2022/04/15,Expression profiling by high throughput sequencing,0.0,Purpose: Proficient DNA repair by homologous recombination (HR) facilitates resistance to chemo-radiation in glioma stem cells (GSCs). We evaluated wh,B,非目标瘤种/类型(细胞系/处理实验=2),细胞系/处理实验=2,GS_262_AT_24H
GSE291545,200291545,5,In vitro investigation of epigenetic regulators related to chemo-resistance and ,2026/04/15,Expression profiling by high throughput sequencing,0.0,"Glioblastoma (GBM) is the most common and malignant adult primary brain tumor with frequent relapse and resistance to therapies. Glioma stem cells, a ",B,非目标瘤种/类型(细胞系/处理实验=2),细胞系/处理实验=2,f2n11_csc1
GSE253648,200253648,5,Temporal multi-omic profiling reveals chemoradiotherapy-specific dualistic metab,2025/07/02,Expression profiling by high throughput sequencing,100.0,"Tumor recurrence afflicts over 95% of glioblastoma (GBM) patients, contributing to the disease's high fatality rates. To unravel the molecular mechani",E,瘤种词100%但细胞系/处理主导(5),细胞系/处理实验=5,"BT935 patient-derived GBM cells, 7d TMZRT tre"
GSE222481,200222481,5,Glioma synapses recruit mechanisms of adaptive plasticity: Gene expression chang,2023/03/01,Expression profiling by high throughput sequencing,0.0,"The nervous system plays an increasingly appreciated role in the regulation of cancer. In gliomas, neuronal activity drives tumor progression through ",B,非目标瘤种/类型(细胞系/处理实验=3),细胞系/处理实验=3,DIPG6_ctrl_1
GSE195681,200195681,5,Characterization of the minimal residual disease state reveals distinct evlution,2023/01/23,Expression profiling by high throughput sequencing,0.0,"Recurrence of solid tumors renders patients vulnerable to a distinctly advanced, highly treatment-refractory disease state that has an increased mutat",A?(小样本),摘要含瘤种词(样本标题无特征),-,BT935 MRD Control
GSE188739,200188739,5,Functional precision medicine pipeline combines comparative transcriptomics and ,2021/12/02,Expression profiling by high throughput sequencing,0.0,Li-Fraumeni syndrome (LFS) is a hereditary cancer predisposition syndrome caused by germline mutations in TP53. TP53 is the most common mutated gene i,B,非目标瘤种/类型(细胞系/处理实验=4),细胞系/处理实验=4,Patient 1 cell line sample
GSE117838,200117838,5,"RNA-seq Analysis of U87: Ctrl, U87:EGFR, U87:EGFRvIII, U87:EGFR+EGFRvIII and U87",2018/11/01,Expression profiling by high throughput sequencing,0.0,We found that U87 cells expressing EGFR and EGFRvIII upregulated a large group of cytokines. The upregulation of many of these cytokines was dependent,D,样本标题/摘要无特征词,-,Ctrl
GSE216687,200216687,5,The oncogenic circular RNA circ_63706 is a potential therapeutic target in sonic,2023/07/14,Expression profiling by high throughput sequencing,0.0,"To gain further insights into the functional significance of circ_63706, gene expression was measured by RNA-seq in DAOY cells treated with either si-",B,非目标瘤种/类型(细胞系/处理实验=5),细胞系/处理实验=5,DAOY si-circ_63706 rep2
GSE286560,200286560,4,PRMT5 inhibition sensitizes glioblastoma tumor models to temozolomide,2026/05/27,Expression profiling by high throughput sequencing,0.0,"Despite multi-model therapy of maximal surgical resection, radiation, chemotherapy, and tumor-treating fields, glioblastoma patients show dismal progn",B,非目标瘤种/类型(细胞系/处理实验=3),细胞系/处理实验=3,LLY_283
GSE316716,200316716,4,Effect of knockdown of FLI1 on gene expression  in the human glioblastoma cell l,2026/05/15,Expression profiling by high throughput sequencing,0.0,"To examined the role of FLI1 in glioblastoma cells and identify FLI1-associated target molecules, FLI1 knockdown cells were used for RNA-seq.",B,非目标瘤种/类型(细胞系/处理实验=4),细胞系/处理实验=4,"U87MG cells, shControl"
GSE320462,200320462,4,Effect of SREBP1 cDNA overexpression on gene expression in LN229 cells,2026/04/16,Expression profiling by high throughput sequencing,0.0,"Aberrant activation of the PI3K/AKT/mTOR signaling pathway is a common feature of cancer but, while mTOR kinase represents an attractive drug target, ",B,非目标瘤种/类型(细胞系/处理实验=4),细胞系/处理实验=4,"LN229,SREBP1,rep1"
GSE294345,200294345,4,HNRNPH1 regulates cell cycle-associate genes in glioblastoma,2026/04/08,Expression profiling by high throughput sequencing,0.0,Glioblastoma (GBM) is an aggressive and deadly brain tumor with a poor prognosis despite advances in therapeutic intervention. Clinical trials of targ,A?(小样本),摘要含瘤种词(样本标题无特征),-,G62_siNC_A
GSE294052,200294052,4,"Deciphering the STAT3-PXN positive feedback loop in GBM, IDH-wildtype: transcrip",2026/04/01,Expression profiling by high throughput sequencing,0.0,"Y-box binding protein 1 (YB-1) has been implicated in the progression of glioblastoma (GBM), a highly aggressive brain tumor. This study investigated ",B,非目标瘤种/类型(细胞系/处理实验=3),细胞系/处理实验=3,U87_NT-shRNA
GSE223335,200223335,4,Lysine-specific histone demethylase 1A (KDM1A/LSD1) inhibition attenuates DNA do,2026/01/10,Expression profiling by high throughput sequencing,0.0,Patient-derived primary GSCs (GSC082209) were established from discarded specimens obtained from glioblastoma (GBM) patients undergoing surgery at UT ,B,非目标瘤种/类型(细胞系/处理实验=4),细胞系/处理实验=4,GSC08_control_2
GSE296987,200296987,4,Differential regulation of genes in response to exogenous ganglioside GM2 treatm,2025/12/31,Expression profiling by high throughput sequencing,0.0,"Gangliosides have been implicated in various diseases including but not limited to cancer. Overexpression of one of these gangliosides, namely ganglio",B,非目标瘤种/类型(液体活检/血液=2),液体活检/血液=2; 细胞系/处理实验=2,"HeLa cells, SFM (serum starved condition) Con"
GSE279293,200279293,4,The cellular response to the deprivation of L-phenylalanine from the medium in t,2025/12/31,Expression profiling by high throughput sequencing,0.0,"To optimize the efficacy of boron neutron capture therapy (BNCT), we investigated the optimal conditions for maximizing the uptake of boronophenylalan",B,非目标瘤种/类型(细胞系/处理实验=4),细胞系/处理实验=4,U87-MG_L-Phe(+)_2
GSE308010,200308010,4,A human iPSC-based neural spheroid platform for modeling glioblastoma infiltrati,2025/11/11,Expression profiling by high throughput sequencing,0.0,"Glioblastoma is the most aggressive adult brain tumor, characterized by resistance to therapy and high recurrence due to diffuse infiltration. To mimi",A?(小样本),摘要含瘤种词(样本标题无特征),-,"bulk RNA-seq of patient-derived GBM1, replica"
GSE291808,200291808,4,Development of an Anti-CD99 Antibody Enables Targeting of Diffuse Midline Glioma,2025/03/28,Expression profiling by high throughput sequencing,0.0,This article highlights the development of an antibody targeting CD99 in diffuse midline gliomas (DMG). 1. RNA-seq: We performed bulk RNA sequencing o,D,样本标题/摘要无特征词,-,HSJD-GBM01 MT 1
GSE273013,200273013,4,SUV39H1 Maintains Cancer Stem Cells in Glioblastoma [ATAC-seq],2024/11/06,Genome binding/occupancy profiling by high throughput sequen,0.0,"Glioblastoma (GBM) is the deadliest brain cancer, driven in part by GBM stem cells (GSCs) that contribute to therapeutic resistance and tumor recurren",E2,非表达谱技术(非Expression类型;ChIP/结合),细胞系/处理实验=4,"GSC3565 cells, untreated_2"
GSE273589,200273589,4,Multi-omics Analysis Identifies Glioblastoma Dependency on H3K9me3 Methyltransfe,2024/09/22,Expression profiling by high throughput sequencing,0.0,"Histone H3 lysine 9 dimethylation or trimethylation (H3K9me2 or H3K9me3) marks more than half of the human genome, particularly in heterochromatin reg",B,非目标瘤种/类型(细胞系/处理实验=4),细胞系/处理实验=4,"GSC3565 cells, shControl_4"
GSE268342,200268342,4,CRISPRi Screen of Long Non-coding RNAs Identifies LINC03045 Regulating Glioblast,2024/06/03,Other,0.0,"Introduction: Glioblastoma (GBM) invasion studies have focused on coding genes, while few studies evaluate long non-coding RNAs (lncRNAs), transcripts",E2,非表达谱技术(非表达谱),细胞系/处理实验=4,Before_CRISPRi_Rep_5
GSE263766,200263766,4,LC3-associated phagocytosis of neutrophils trigger tumor ferroptotic cell death ,2024/04/29,Expression profiling by high throughput sequencing,0.0,"Necrosis is commonly found in various solid tumors and predicts worse outcome. Chronic ischemia can initiate tumor necrosis, but how the damaged tissu",B,非目标瘤种/类型(细胞系/处理实验=4),细胞系/处理实验=4,"HL60 cell, Parental, Rep2"
GSE208323,200208323,4,Exosomes targeting Myc reverse the proneural-mesenchymal transition and extend t,2024/04/11,Expression profiling by high throughput sequencing,0.0,Exosomes generated from human bone marrow Mesenchymal Stem cells (MSC) and engineered to encapsulate different anti-Myc siRNAs (iExo-Myc) and scramble,C,单细胞/空间数据,细胞系/处理实验=4; 非人类模型=4,scRNA-seq_E981 iExo-Myc#1 treated mouse
GSE219288,200219288,4,Effect of recombinant protein CXCL12 on patient-derived glioblastoma stem cells,2023/12/01,Expression profiling by high throughput sequencing,0.0,"To investigate the effect of recombinant CXCL12 on patient-derived glioblastoma stem cells, we treated GSCs with recombinant CXCL12 in cell culture me",B,非目标瘤种/类型(细胞系/处理实验=4),细胞系/处理实验=4,GSC2 non-treated biol rep 2
GSE244878,200244878,4,"MZ1, a BRD4 inhibitor, exerted its anti-cancer effects by targeting the super-en",2023/10/16,Expression profiling by high throughput sequencing,0.0,"To investigate the function of MZ1 in the regulation of gene expression, we treated U87 cells with control (DMSO) or MZ1, respectively. We then perfor",B,非目标瘤种/类型(细胞系/处理实验=4),细胞系/处理实验=4,"U87 cells, DMSO 2"
GSE232486,200232486,4,Effect of depletion of TFPI2 on gene expression in glioma stem cells,2023/07/21,Expression profiling by high throughput sequencing,0.0,"To investigate the mechanism of TFPI2 in regulation of glioblastoma stemness, we established GSC272 cell line in which TFPI2 gene has been knocked dow",B,非目标瘤种/类型(细胞系/处理实验=4),细胞系/处理实验=4,"GSC272 cells, shControl rep2"
GSE234762,200234762,4,Gene expression profiling and the isocitrate dehydrogenase mutational landscape ,2023/06/30,Expression profiling by high throughput sequencing,0.0,"Glioblastoma(GBM), an aggressive brain cancer, occurs frequently compared to other brain tumors. This study aimed to reveal the novel mechanism of tem",B,非目标瘤种/类型(细胞系/处理实验=4),细胞系/处理实验=4,GBM8401 cells (bio rep1)
GSE225775,200225775,4,Multiplex single-cell chemical genomics reveals the kinase dependence of the res,2023/03/10,Expression profiling by high throughput sequencing,0.0,Multiplex single-cell chemical genomics reveals the kinase dependence of the response to targeted anti-cancer therapy,D,样本标题/摘要无特征词,-,sciPlexGxE_1
GSE197062,200197062,4,MYCMI-7 - a small MYC-binding compound that inhibits MYC:MAX interaction and tum,2023/03/08,Expression profiling by high throughput sequencing,0.0,Deregulated expression of MYC family oncogenes occurs frequently in human cancer and is often associated with aggressive disease and poor prognosis. W,B,非目标瘤种/类型(细胞系/处理实验=4),细胞系/处理实验=4,"MCF-7 cells treated with MYCMI-7, mycmi_1"
GSE224090,200224090,4,Single-cell RNA-seq characterization of glioblastoma,2023/01/31,Expression profiling by high throughput sequencing,0.0,We investigated the tumor microenvironment of glioblastoma at the celluar level using 10x scRNAseq.,B,非目标瘤种/类型(液体活检/血液=2),液体活检/血液=2,NU02954 PBMC
GSE195682,200195682,4,Characterization of the minimal residual disease state reveals distinct evlution,2023/01/23,Expression profiling by high throughput sequencing,0.0,"Recurrence of solid tumors renders patients vulnerable to a distinctly advanced, highly treatment-refractory disease state that has an increased mutat",A?(小样本),摘要含瘤种词(样本标题无特征),-,BT799_MRD_TR
GSE218331,200218331,4,SCOPE-seq Analysis of Intra-operative Labeling Specificity of 5-ALA for Glioblas,2022/11/30,Expression profiling by high throughput sequencing,0.0,"Glioblastoma (GBM) is the most common and aggressive malignant primary brain tumor, and surgical resection is a key part of the standard-of-care. In f",A?(小样本),摘要含瘤种词(样本标题无特征),-,"human, 5-ALA+, sample 0714"
GSE192823,200192823,4,The RNA polymerase II subunit B gene(POLR2B) functions as a growth regulator in ,2022/11/10,Expression profiling by high throughput sequencing,0.0,Glioblastoma multiform (GBM) is the most common and aggressive brain tumor with dismissal prognosis. POLR2B encodes the second largest subunit of the ,B,非目标瘤种/类型(非人类模型=4),非人类模型=4,DBTRG-05MG sh-NC_rep2
GSE202362,200202362,4,BRD4 inhibitor GNE987 exerts anti-cancer effects by targeting C-Myc and S100A16 ,2022/11/09,Expression profiling by high throughput sequencing,0.0,"To investigate the function of GNE987 in the regulation of gene expression, we treated U87 cells with control (DMSO) or GNE987, respectively. We then ",B,非目标瘤种/类型(细胞系/处理实验=2),细胞系/处理实验=2,"U88 cells, DMSO-2"
GSE200902,200200902,4,PRMT3 drives glioblastoma progression by enhancing HIF1A and glycolytic metaboli,2022/11/08,Expression profiling by high throughput sequencing,0.0,"To investigate the potential mechanisms underlying PRMT3 regulation of GBM growth, we performed RNA-seq transcriptomic profiling of U251 GBM cells tre",B,非目标瘤种/类型(细胞系/处理实验=4),细胞系/处理实验=4,U251_pGreen_Ctrl_2
GSE184696,200184696,4,Chi3l1 is a modulator of glioma stem cell states and a therapeutic vulnerability,2022/10/24,Expression profiling by high throughput sequencing,0.0,"Chi3l1 (Chitinase 3-like 1) is a secreted protein highly expressed in glioblastoma. Here, we show that exposure of glioma stem cells (GSCs) to Chi3l1 ",B,非目标瘤种/类型(细胞系/处理实验=4),细胞系/处理实验=4,GSC2-Sample1: without Chi3l1 incubation (cont
GSE184695,200184695,4,Chi3l1 is a modulator of glioma stem cell states and a therapeutic vulnerability,2022/10/24,Expression profiling by high throughput sequencing,0.0,"Chi3l1 (Chitinase 3-like 1) is a secreted protein highly expressed in glioblastoma. Here, we show that exposure of glioma stem cells (GSCs) to Chi3l1 ",B,非目标瘤种/类型(细胞系/处理实验=4),细胞系/处理实验=4,CG3: siRNA-MAZ-1 + Chi3l1 incubation
GSE215365,200215365,4,Autonomous rhythmic activity in glioma networks drives brain tumor growth,2022/10/19,Expression profiling by high throughput sequencing,0.0,Glioblastoma cell networks harbor a plastic population of highly active glioblastoma cells that display rhythmic Ca2+ oscillations and are particularl,A?(小样本),摘要含瘤种词(样本标题无特征),-,S24_line_Control_Rep_1
GSE205538,200205538,4,Effect of S4 treatment on glioma cells,2022/06/13,Expression profiling by high throughput sequencing,0.0,"S4, a sulfonamide drug, has been confirmed to induce apoptosis and autophagy in cancer cells. Immunogenic cell death is a special cell death type whic",B,非目标瘤种/类型(细胞系/处理实验=4),细胞系/处理实验=4,LN229 S4-1
GSE197728,200197728,4,Purine synthesis inhibitor L-Alanosine impairs mitochondrial function and stemne,2022/04/27,Expression profiling by high throughput sequencing,100.0,"Glioblastoma (GBM) is a lethal brain cancer exhibiting high levels of drug resistance, a feature partially imparted by tumor cell stemness. Recent wor",E,瘤种词100%但细胞系/处理主导(2),细胞系/处理实验=2,GBM 12-0106 Vehicle
GSE182220,200182220,4,HDAC6-LINC00461 pathway as a potential target for glioblastoma therapy,2022/02/08,Expression profiling by high throughput sequencing,0.0,Background: Glioblastoma (GBM) is the most aggressive and lethal brain tumor. Although the histone deacetylase (HDAC)/Sp1 axis promotes growth and tem,B,非目标瘤种/类型(细胞系/处理实验=4),细胞系/处理实验=4,TMZ-resistant U87MG_Non-targeting Control
GSE163833,200163833,4,Comparation of two anti-EphA2 CAR-T constructs,2021/08/24,Expression profiling by high throughput sequencing,0.0,We constructed two different third generation anti-EphA2 chimeric antigen receptors(CARs) for glioblastoma treatment. They have the same transmembrane,A?(小样本),摘要含瘤种词(样本标题无特征),-,EphA CAR-a transduced T cell
GSE178458,200178458,4,RNA seq analysis of U251 and A549 cells transduced with tet-pLKO1-SHC016 control,2021/06/19,Expression profiling by high throughput sequencing,0.0,The goal of this study was to find a target of SHC016 common to both cell lines,B,非目标瘤种/类型(细胞系/处理实验=2),细胞系/处理实验=2,A549dox
GSE142825,200142825,4,EGFR/Src/Erk-Stabilized YTHDF2 Promotes Cholesterol Dysregulation and Invasive G,2020/10/08,Expression profiling by high throughput sequencing,0.0,Epidermal growth factor receptor (EGFR) signaling is constitutively activated in majority of GBM and is associated with a worse prognosis. Here we sho,A?(小样本),摘要含瘤种词(样本标题无特征),-,siControl-2
GSE131400,200131400,4,Downregulation of the Ubiquitin-E3 Ligase KPC1 promotes glioblastoma progression,2020/06/17,Expression profiling by high throughput sequencing,0.0,We identified RNF123 (KPC1) ubiquitin E3 ligase is involved in glioblastoma progression through NF-kB-target SerpinE1. The goal of the RNA-Seq analysi,A?(小样本),摘要含瘤种词(样本标题无特征),-,LN18-KPC1-1
GSE95164,200095164,4,A cytoskeleton regulator AVIL drives tumorigenesis in glioblastoma,2020/06/08,Expression profiling by array,0.0,Total RNA extracted from knockdown or overexpress AVIL  in GBM U87 cells. and RNA-seq after sample quality control. ,B,非目标瘤种/类型(细胞系/处理实验=4),细胞系/处理实验=4,U87siAVIL
GSE131502,200131502,4,Proline Glutamic acid and Leucine rich Protein 1 (PELP1) promotes glioblastoma p,2020/04/24,Expression profiling by high throughput sequencing,0.0,We examined the transcriptional changes modulated by Proline Glutamic acid and Leucine rich Protein 1 (PELP1) by performing global transcriptome analy,B,非目标瘤种/类型(细胞系/处理实验=4),细胞系/处理实验=4,U87_ PELP1 siRNA_1
GSE137934,200137934,4,"Licochalcone A suppresses the proliferation of sarcoma HT-1080 cells, as a selec",2019/10/24,Expression profiling by high throughput sequencing,0.0,"IDH1 mutations are closely related to the development and progression of various human cancers, such as glioblastoma, sarcoma, and acute myeloid leuke",B,非目标瘤种/类型(细胞系/处理实验=2),细胞系/处理实验=2,"HT-1080 cells, Licochalcone A repeat 1"
GSE136738,200136738,4,RNA-seq analysis of gene expression profile in PTEN WT and KO LN229 glioblastoma,2019/09/04,Expression profiling by high throughput sequencing,0.0,The goal of this study is to compare gene expression profiles of PTEN WT and KO GBM cells when they are growing in vivo. Isogenic PTEN WT or KO LN229 ,B,非目标瘤种/类型(细胞系/处理实验=4),细胞系/处理实验=4,LN229 WT2
GSE100146,200100146,4,RNAseq transcriptomic profile of glioblastoma stem-like cells derived from U87MG,2019/05/06,Expression profiling by high throughput sequencing,0.0,Glioblastoma Multiforme (GBM) is the primary brain tumor with the highest incident and mortality rates worldwide. This is because therapies are not ef,B,非目标瘤种/类型(细胞系/处理实验=4),细胞系/处理实验=4,GSCs-U87MG vehicle hypoxia rep2 (condition C)
GSE121332,200121332,4,Estrogen receptor beta enhances chemotherapy response of GBM cells by down regul,2019/05/02,Expression profiling by high throughput sequencing,0.0,We examined the transcriptional changes modulated by estrogen receptor beta (ERβ) by performing global transcriptome analysis. U87 cells were transduc,B,非目标瘤种/类型(细胞系/处理实验=4),细胞系/处理实验=4,U87 empty vector_1
GSE110767,200110767,4,A phosphoproteomic and transcriptomic analysis of carnosine’s action on signalin,2019/05/01,Expression profiling by high throughput sequencing,0.0,"Previous studies demonstrated that carnosine affects signaling molecules of different pathways in a number of experimental models. However, the primar",A?(小样本),摘要含瘤种词(样本标题无特征),-,control_1
GSE110130,200110130,4,Suppression of glioblastoma by a drug cocktail inducing tumor cells toward a neu,2019/03/12,Expression profiling by high throughput sequencing,75.0,"Glioblastoma (GBM), the most common and aggressive malignant tumor in adult brain, is a notoriously fatal tumor. For many years, surgical resection an",E,瘤种词75%但细胞系/处理主导(3),正常/非肿瘤组织=1; 细胞系/处理实验=3,GBM-17 with TTF treatment for 2 days
GSE126503,200126503,4,Specific inhibition of splicing factor activity by decoy RNA oligonucleotides,2019/02/14,Expression profiling by high throughput sequencing,0.0,"Alternative splicing, a fundamental step in gene expression, is deregulated in many diseases. Splicing factors (SFs), which regulate this process, are",D,样本标题/摘要无特征词,-,Sample_Fox_P
GSE123821,200123821,4,RNA-seq analysis for resistance to PI3K inhibition in Glioblastoma (GBM),2018/12/14,Expression profiling by high throughput sequencing,0.0,The goal of this study is to identify the pathway alterations driving the adaptive resistance to PI3K inhibition in GBM. We generated the resistant ce,B,非目标瘤种/类型(细胞系/处理实验=4),细胞系/处理实验=4,Parental GSC11
GSE117832,200117832,4,Chromatin run-on and sequencing maps the transcriptional regulatory landscape of,2018/07/30,Expression profiling by high throughput sequencing,0.0,The human genome encodes a variety of poorly understood RNA species that remain challenging to identify using existing genomic tools. We developed chr,A?(小样本),摘要含瘤种词(样本标题无特征),-,Jurkat chromatin length-extension run-on [leC
GSE99045,200099045,4,Targeting neuronal activity-regulated neuroligin-3 dependency for high-grade gli,2017/08/11,Expression profiling by high throughput sequencing,0.0,Neuronal activity promotes high-grade glioma (HGG) growth. An important mechanism mediating this neural regulation of brain cancer is activity-depende,B,非目标瘤种/类型(细胞系/处理实验=2),细胞系/处理实验=2,su-pcgbm2-dmso.2
GSE81043,200081043,4,Silencing of KDM2B leads to deregulation of apoptosis related genes in GBM,2017/05/03,Expression profiling by high throughput sequencing,0.0,Tumor necrosis factor-related apoptosis-inducing ligand (TRAIL) is a promising anti-cancer protein that can specifically kill tumor cells while sparin,A?(小样本),摘要含瘤种词(样本标题无特征),-,shKDM2B-1
GSE62212,200062212,4,Identifying genes regulated by Kruppel-like factor-9 by RNA-seq in human gliobla,2014/10/10,Expression profiling by high throughput sequencing,0.0,"Kruppel-like factor-9 (KLF9), a member of the large KLF transcription factor family, has emerged as a regulator of oncogenesis, cell differentiation a",A?(小样本),摘要含瘤种词(样本标题无特征),-,Control GBM1B
GSE42420,200042420,4,CFIm25 links alternative polyadenylation to glioblastoma tumour suppression,2014/05/15,Expression profiling by high throughput sequencing,0.0,Purpose: To identify all of the APA targets of CFIm25 on a global scale and develop an algorithm that can idenitify APA events from standard RNA-seq d,B,非目标瘤种/类型(细胞系/处理实验=4),细胞系/处理实验=4,Hela cell CFIm25 knock down rep1
GSE47997,200047997,4,Global regulation of alternative splicing by adenosine deaminase acting on RNA (,2013/06/17,Expression profiling by high throughput sequencing,0.0,"Alternative mRNA splicing is a major mechanism for gene regulation and transcriptome diversity. Despite the extent of the phenomenon, the regulation a",A?(小样本),摘要含瘤种词(样本标题无特征),-,K562_control
GSE47945,200047945,4,Global regulation of alternative splicing by adenosine deaminase acting on RNA (,2013/06/15,Expression profiling by array,0.0,"Alternative mRNA splicing is a major mechanism for gene regulation and transcriptome diversity. Despite the extent of the phenomenon, the regulation a",A?(小样本),摘要含瘤种词(样本标题无特征),-,B640_K562_SCR
GSE261042,200261042,4,Autophagy Upregulation in Mutant Isocitrate Dehydrogenase 1 (IDH1) Glioma Uncove,2026/07/09,Expression profiling by high throughput sequencing,0.0,Mutant isocitrate dehydrogenase 1 (mIDH1) catalyzes 2-hydroxyglutarate production which leads to epigenetic reprogramming in astrocytomas with TP53/AT,B,非目标瘤种/类型(细胞系/处理实验=2),细胞系/处理实验=2,SF_DMSO_2
GSE285924,200285924,4,Evidence for coordinate epigenomic roles for CTCF and histone H3.3 in K27M diffu,2026/03/24,Expression profiling by high throughput sequencing,0.0,"In this study we identified and characterized key chromatin domains in diffuse midline glioma cells, looking at well known types of domains including ",B,非目标瘤种/类型(细胞系/处理实验=4),细胞系/处理实验=4,Line XIII scramble rep1
GSE283192,200283192,4,Mechanism of FABP4 promoting medulloblastoma growth,2025/11/28,Expression profiling by high throughput sequencing,0.0,"Our results showed that FABP4 knockdown inhibits medulloblastoma cell proliferation, migration, and elevates the ROS and MDA levels, resulting in tumo",B,非目标瘤种/类型(细胞系/处理实验=4),细胞系/处理实验=4,"Daoy cell, PLKO, rep2"
GSE131347,200131347,4,PELP1 regulate medulloblastoma progression via NF-κB pathway,2025/05/01,Expression profiling by high throughput sequencing,0.0,We examined the transcriptional changes modulated by Proline Glutamic acid and Leucine rich Protein 1 (PELP1) by performing global transcriptome analy,B,非目标瘤种/类型(细胞系/处理实验=4),细胞系/处理实验=4,Daoy_ PELP1 shRNA_2
GSE271936,200271936,4,Immune and tumor cell landscape in pediatric high grade gliomas,2025/03/05,Other,0.0,"Single cell RNA-seq profiling of tumor, myeloid, and T cells from fresh pediatric high grade glioma samples",E2,非表达谱技术(非表达谱),-,H3WT_hemi_P2
GSE277822,200277822,4,Effect of LGP2 in the development of glioma [RNA-seq],2025/01/01,Expression profiling by high throughput sequencing,0.0,"To investigate the function LGP2 in the regulation of tumor progression and development, we established 2 T98G  cell lines in which LGP2 gene has been",B,非目标瘤种/类型(细胞系/处理实验=4),细胞系/处理实验=4,"T98G cells,oeLGP2-3"
GSE246528,200246528,4,RNA sequencing facilitates quantitative analysis of U251-NC and U251-COL8A1 tran,2024/07/01,Expression profiling by high throughput sequencing,0.0,"To investigate the function of COL8A1 in GSCs progression, we established U251-COL8A1 cell lines with COL8A1 overexpressed. Then we performed gene exp",B,非目标瘤种/类型(细胞系/处理实验=4),细胞系/处理实验=4,"U251-COL8A1, rep1"
GSE237314,200237314,4,RNA sequencing facilitates quantitative analysis of U118-NC and U118-SPNS2 trans,2024/06/01,Expression profiling by high throughput sequencing,0.0,"To investigate the function of SPNS2 in GSCs progression, we established U118-SPNS2 cell lines with SPNS2 overexpressed. Then we performed gene expres",B,非目标瘤种/类型(细胞系/处理实验=4),细胞系/处理实验=4,"U118-NC, control, rep1"
GSE162614,200162614,4,Activation of estrogen receptor beta signaling reduces stemness of glioma stem c,2023/12/01,Expression profiling by high throughput sequencing,0.0,We examined the transcriptional changes altered by ERβ agonist LY500307 treatment in glioma stem cells (GSCs) by performing global transcriptome analy,B,非目标瘤种/类型(细胞系/处理实验=4),细胞系/处理实验=4,GSC11_Vehicle_2
GSE229452,200229452,4,Targeting SWI/SNF ATPases in H3.3K27M Diffuse Intrinsic Pontine Gliomas [RNA-Seq,2023/04/16,Expression profiling by high throughput sequencing,0.0,"Diffuse midline gliomas (DMGs), including diffuse intrinsic pontine gliomas (DIPGs), bearing lysine-to-methionine mutations in histone H3 at lysine 27",B,非目标瘤种/类型(细胞系/处理实验=2),细胞系/处理实验=2,DMSO_Replicate1
GSE206000,200206000,4,PRC2 Heterogeneity Drives Tumor Growth in Medulloblastoma [Human],2022/06/18,Expression profiling by high throughput sequencing,0.0,Intratumor epigenetic heterogeneity is emerging as a key mechanism underlying tumor evolution and drug resistance. Epigenetic abnormalities frequently,B,非目标瘤种/类型(细胞系/处理实验=4),细胞系/处理实验=4,"Daoy cell line, EED-knockout, rep 2"
GSE174122,200174122,4,Next Generation Sequencing Facilitates Quantitative Analysis of U87-PLV03 and U8,2022/05/10,Expression profiling by high throughput sequencing,0.0,"GPR17 over-expression inhibits glioma cell proliferation and induces apoptosis by raising ROS levels, and mechanistically inhibits the transcription o",B,非目标瘤种/类型(细胞系/处理实验=4),细胞系/处理实验=4,U87-Vec-2
GSE196382,200196382,3,Defining transcripts regulated by RBBP4/p300 complex in glioblastoma [RNA-seq],2026/06/18,Expression profiling by high throughput sequencing,0.0,Purpose: Next-generation sequencing (NGS) has revolutionized the ability to conduct genome wide transcriptional regulation. The goals of this study wa,D,样本标题/摘要无特征词,-,GBM43shp300 [RNA-seq]
GSE285283,200285283,3,Tumor-infiltrating lymphocytes-derived CD8+ clonotypes infiltrate the tumor tiss,2025/12/02,Other,0.0,"IL-2/IL-15/IL-21-expanded TILs achieved complete tumor regression in a hypermutated glioblastoma patient, overcoming the immunosuppressive microenviro",E2,非表达谱技术(非表达谱),-,Post-TIL-1
GSE275050,200275050,3,Extrachromosomal DNA Associates with Nuclear Condensates and Reorganizes Chromat,2025/09/18,Other,0.0,"Extrachromosomal, circular DNA (ecDNA) is a prevalent and significant oncogenic alteration in cancer genomes. Its frequency is associated with aggress",E2,非表达谱技术(非表达谱),-,PC3DM_WGS
GSE299102,200299102,3,Rewiring of cortical glucose metabolism fuels human brain cancer growth,2025/06/05,Expression profiling by high throughput sequencing,100.0,"The brain avidly consumes glucose to fuel neurophysiology. Cancers of the brain, such as glioblastoma (GBM), relinquish physiological integrity and ga",A?(小样本),瘤种词样本100%,-,"GBM, Patient 1"
GSE261618,200261618,3,A heterogenous pharmaco-transcriptomic landscape induced by targeting a single o,2024/04/09,Expression profiling by high throughput sequencing,0.0,"Over-activation of the epidermal growth factor receptor (EGFR) is a hallmark of glioblastoma. However, EGFR-targeted therapies have led to minimal cli",A?(小样本),摘要含瘤种词(样本标题无特征),-,sci-Plex-EGFRi-largescreen
GSE234125,200234125,3,Rewiring of the promoter-enhancer interactome and regulatory landscape in gliobl,2023/09/12,Genome binding/occupancy profiling by high throughput sequen,0.0,"Glioblastoma (GBM) is the most aggressive of all primary brain tumours. Here, we perform a multi-omics approach to map the promoter-enhancer interacto",E2,非表达谱技术(非Expression类型;ChIP/结合),-,H3K27Ac_ChIP_OPC
GSE194220,200194220,3,"Next Generation Sequencing Facilitates Quantitative Analysis of control, TNFα an",2022/08/24,Expression profiling by high throughput sequencing,0.0,"Among 830 TNFα-induced genes (at least 1.5 folds of upregulation in TNFα-treated TPC2-4 cells compared with control), the expression of 268 genes is s",D,样本标题/摘要无特征词,-,RNA-Seq: TPC2-4 TNFα+JNKi
GSE147382,200147382,3,Expression data from glioblastoma stem cells after knockdown of PUS7,2021/06/18,Expression profiling by high throughput sequencing,0.0,"PUS7, a pseudouridine synthase, plays a critical role in growth, self-renewal, and tumorigenesis of glioblastoma stem cells. We used RNA-seq to invest",B,非目标瘤种/类型(细胞系/处理实验=3),细胞系/处理实验=3,"PBT003 gliblastoma stem cells, PUS7 sgRNA 2"
GSE157779,200157779,3,Targeting of glioma stem-like cells with a parthenolide derivative ACT001 throug,2020/09/11,Expression profiling by high throughput sequencing,0.0,Glioblastoma (GBM) is the most lethal primary brain tumor in adults with a median survival of around 15 months. A potential treatment strategy involve,B,非目标瘤种/类型(细胞系/处理实验=3),细胞系/处理实验=3,GSC 83+vehicle
GSE116621,200116621,3,De novo Gene Signature Identification from Single-Cell RNA-Seq with Hierarchical,2019/02/21,Expression profiling by high throughput sequencing,0.0,Common approaches to gene signature discovery in single cell RNA-sequencing depend upon predefined structures like clustering or pseudo-temporal order,A?(小样本),摘要含瘤种词(样本标题无特征),-,TS543
GSE66388,200066388,3,RNA-seq analysis of add-back rescued TALEN-mediated LATS2 knockout HeLa-S3 cells,2016/07/26,Expression profiling by high throughput sequencing,0.0,Chromatin modifying activities for construction of appropriate epigenetic landscapes by polycomb repressive complex 2 (PRC2) play an essential role in,A?(小样本),摘要含瘤种词(样本标题无特征),-,HeLa-S3_LATS2_KO+EV
GSE72202,200072202,3,RNA-seq Profiles in Preferential Iron Trafficking Characterizes Glioblastoma Ste,2015/09/30,Expression profiling by high throughput sequencing,0.0,Glioblastomas display hierarchies with self-renewing cancer stem-like cells (CSCs). RNA sequencing and enhancer mapping revealed regulatory programs u,A?(小样本),摘要含瘤种词(样本标题无特征),-,p0-IN528_GBM-CSCs
GSE174121,200174121,3,Genome-wide binding of RNF2 in control and GPR17 knock-down U87-MG cells,2022/05/10,Genome binding/occupancy profiling by high throughput sequen,0.0,"GPR17 over-expression inhibits glioma cell proliferation and induces apoptosis by raising ROS levels, and mechanistically inhibits the transcription o",E2,非表达谱技术(非Expression类型;ChIP/结合),细胞系/处理实验=3,U87-SCR_RNF2
GSE285281,200285281,2,Tumor-infiltrating lymphocytes-derived CD8+ clonotypes infiltrate the tumor tiss,2025/12/02,Expression profiling by high throughput sequencing,0.0,"IL-2/IL-15/IL-21-expanded TILs achieved complete tumor regression in a hypermutated glioblastoma patient, overcoming the immunosuppressive microenviro",A?(小样本),摘要含瘤种词(样本标题无特征),-,Pre-TIL
GSE296945,200296945,2,Application of machine learning (ML) / deep learning (DL) using multiple epigene,2025/07/24,Expression profiling by high throughput sequencing,0.0,To investigate the contribution of multi epigenetic features on gene expression across glioblastoma patients,B,非目标瘤种/类型(细胞系/处理实验=2),细胞系/处理实验=2,GSC1
GSE274633,200274633,2,Brain-wide neuronal circuit connectome of human glioblastoma [bulk RNA-seq],2024/12/20,Expression profiling by high throughput sequencing,0.0,"This study explores the circuit integration of human glioblastoma organoids (GBOs) in vivo in the adult mouse brain. Here, we performed RNA sequencing",A?(小样本),摘要含瘤种词(样本标题无特征),-,"UP-10072, UP-9121, UP-9096, 1h ACh variations"
GSE214965,200214965,2,Digital RNA with pertUrbation of Genes (DRUG-Seq) of LN-229 glioblastoma cells t,2024/07/29,Expression profiling by high throughput sequencing,0.0,"DRUG-Seq is a miniatruized and multiplexed RNA-Seq protocol described in Ye et al., 2018 (https://www.nature.com/articles/s41467-018-06500-x) To deter",B,非目标瘤种/类型(细胞系/处理实验=2),细胞系/处理实验=2,"LN229, replicates 1-2, 2 time points, 20 drug"
GSE234126,200234126,2,Rewiring of the promoter-enhancer interactome and regulatory landscape in gliobl,2023/09/12,Expression profiling by high throughput sequencing,0.0,"Glioblastoma (GBM) is the most aggressive of all primary brain tumours. Here, we perform a multi-omics approach to map the promoter-enhancer interacto",B,非目标瘤种/类型(细胞系/处理实验=2),细胞系/处理实验=2,"OPC, rep2 (RNAseq)"
GSE197508,200197508,2,Uncovering small non-coding RNAs involved in carcinogenesis of Glioma,2023/04/04,Expression profiling by high throughput sequencing; Non-codi,0.0,"To determine which signalling pathways are affected by small RNAs (piRNAs, miRNAs) through target regulation in Glioblastoma Multiforme (GBM), we perf",B,非目标瘤种/类型(细胞系/处理实验=2),细胞系/处理实验=2,U87MG small RNA-seq
GSE171287,200171287,2,The cellular origin of perivasuclar glioblastoma by scRNA-seq,2022/04/19,Expression profiling by high throughput sequencing,0.0,Understanding the cellular origin and differentiation status of glioblastoma is critical to resolve the etiology of the disease. we profile control an,A?(小样本),摘要含瘤种词(样本标题无特征),-,FibroB
GSE144623,200144623,2,Codependency and mutual exclusivity for gene community detection from sparse sin,2021/07/22,Expression profiling by high throughput sequencing,0.0,Single-cell RNA-seq (scRNA-seq) can be used to characterize cellular heterogeneity in thousands of cells. The reconstruction of a gene network based o,A?(小样本),摘要含瘤种词(样本标题无特征),-,GB2_S_P10
GSE161438,200161438,2,Stranded RNA-seq were performed on total RNA following ribosomal RNAs depletion ,2021/03/09,Expression profiling by high throughput sequencing,0.0,"In human, the 39 coding HOX genes and 18 referenced non-coding antisense transcripts are arranged in four genomic clusters named HOXA, B, C, and D. Th",B,非目标瘤种/类型(细胞系/处理实验=2),细胞系/处理实验=2,RNA-seq GSC1
GSE161437,200161437,2,Transcriptome of glioblastoma stem cells.,2021/03/09,Expression profiling by high throughput sequencing,0.0,"In human, the 39 coding HOX genes and 18 referenced non-coding antisense transcripts are arranged in four genomic clusters named HOXA, B, C, and D. Th",B,非目标瘤种/类型(细胞系/处理实验=2),细胞系/处理实验=2,mRNA-seq: GSC11 NS
GSE151137,200151137,2,Integrating single-cell RNA-seq and imaging with SCOPE-seq2,2020/06/28,Expression profiling by high throughput sequencing,0.0,"Live cell imaging allows direct observation and monitoring of phenotypes that are difficult to infer from the transcriptome. However, existing methods",C,单细胞/空间数据,细胞系/处理实验=1,GBM_scRNAseq [PJ069]
GSE136330,200136330,2,Enterovirus 71 oncolysis of malignant gliomas,2019/08/27,Expression profiling by high throughput sequencing,0.0,This study finds that EV71 has oncolytic activity against experimental human malignant gliomas. RNA-seq analysis of infected glioma cells reveals tran,D,样本标题/摘要无特征词,-,NC
GSE131928,200131928,2,single cell RNA-seq analysis of adult and paediatric IDH-wildtype Glioblastomas,2019/07/07,Expression profiling by high throughput sequencing,0.0,"To understand the diversity of expression states in IDH-wildtype Glioblastomas, we profiled 24,131 single cells from 28 patients with GBM by single-ce",C,单细胞/空间数据,-,Smartseq2_GBM_IDHwt
GSE90176,200090176,2,polyA mRNA RNA-seq from U-87 MG (ENCSR000BYO),2016/12/07,Expression profiling by high throughput sequencing,0.0,"RNA-seq on U87 greater than 200bp polyA+  For data usage terms and conditions, please refer to http://www.genome.gov/27528022 and http://www.genome.go",D,样本标题/摘要无特征词,-,polyA mRNA RNA-seq from U-87 MG (ENCLB271KOP)
GSE66200,200066200,2,High-throughput RNA-sequencing analysis in human glioma stem cell,2016/11/23,Expression profiling by high throughput sequencing,0.0,Glioblastomas show heterogeneous histological features. These distinct phenotypic states are thought to be associated with the presence of glioma stem,B,非目标瘤种/类型(细胞系/处理实验=2),细胞系/处理实验=2,GSC-1228_rep1
GSE72475,200072475,2,Identifying RBBP4-regulated transcriptome in T98G glioblastoma cells using RNA s,2016/08/27,Expression profiling by high throughput sequencing,0.0,Retinoblastoma-binding protein 4 (RBBP4) is a chromatin modifying protein regulating multiple cellular functions. We have identified RBBP4 as a critic,B,非目标瘤种/类型(细胞系/处理实验=2),细胞系/处理实验=2,T98G-shNT RNA-seq
GSE63537,200063537,2,RNA-seq analysis of TALEN-mediated LATS2 knockout HeLa-S3 cells,2016/07/26,Expression profiling by high throughput sequencing,0.0,Chromatin modifying activities for construction of appropriate epigenetic landscapes by polycomb repressive complex 2 (PRC2) play an essential role in,A?(小样本),摘要含瘤种词(样本标题无特征),-,HeLa-S3_LATS2_KO_RNA-seq
GSE78666,200078666,2,total RNA-seq from M059J (ENCSR696SMK),2016/03/18,Expression profiling by high throughput sequencing,0.0,The libraries contained in this experiment come from the whole cell fraction of independent growths of cell line M059J. They are stranded PE101 Illumi,D,样本标题/摘要无特征词,-,total RNA-seq from M059J (ENCLB374MEK)
GSE28040,200028040,2,Accurate Identification of A-to-I RNA editing in human by transcriptome sequenci,2011/09/21,Expression profiling by high throughput sequencing,0.0,RNA editing enhances the diversity of gene products at the post-transcriptional level. Approaches for genome-wide identification of RNA editing face t,B,非目标瘤种/类型(细胞系/处理实验=2),细胞系/处理实验=2,u87_adar_kd
GSE336328,200336328,2,CD99 Is a Novel Immunotherapy Target in Diffuse Midline Glioma: Fratricide-Resis,2026/06/30,Expression profiling by high throughput sequencing,0.0,Diffuse midline glioma (DMG) is a highly infiltrative brain tumor of the pons and other midline structures with a dismal prognosis. Chimeric antigen r,D,样本标题/摘要无特征词,-,10D1 CAR-T cells after BT245-Luc2-GFP co-cult
GSE288463,200288463,2,AMBRA1 as a novel positive regulator of the SHH pathway in medulloblastoma [scRN,2026/03/09,Expression profiling by high throughput sequencing,0.0,"AMBRA1 (Autophagy and Beclin 1 Regulator 1) is a versatile scaffold protein involved in disparate processes including autophagy, cell cycle regulation",B,非目标瘤种/类型(细胞系/处理实验=2),细胞系/处理实验=2,"PDX12, PDX, shAMBRA1, in vivo, biol rep1"
GSE301658,200301658,2,NRCAM variant defined by microexon skipping is a targetable surface proteoform i,2025/08/05,Expression profiling by high throughput sequencing,0.0,"To overcome the paucity of known tumor-specific surface antigens in pediatric high-grade glioma (pHGG), we contrasted splicing patterns in pHGGs and n",D,样本标题/摘要无特征词,-,"pHGG-3058 single nuclei, Short-read"
GSE286320,200286320,1,An EGFR Co-amplified Long Noncoding RNA HELDR Promotes Glioblastoma Malignancy t,2026/02/07,Other,0.0,"EGFR amplification at extrachromosome DNAs (ecDNAs) is a major driving mutation in glioblastoma (GBM).  However, targeting EGFR for GBM treatments rem",E2,非表达谱技术(非表达谱),-,GBM6
GSE223338,200223338,1,Molecular characterization of patient derived glioblastoma cell line,2026/01/10,Expression profiling by high throughput sequencing,0.0,Patient-derived primary GSCs (GSC082209) was established from discarded specimens obtained from glioblastoma (GBM) patient undergoing surgery at UT He,B,非目标瘤种/类型(细胞系/处理实验=1),细胞系/处理实验=1,GSC_082209
GSE199595,200199595,1,Single RNA-Seq on GBM cells from human GBM sample,2025/06/19,Expression profiling by high throughput sequencing,0.0,"Glioblastoma multiforme (GBM), a highly malignant and heterogeneous brain tumor, contains various types of tumor and non-tumor cells. Whether GBM cell",A?(小样本),摘要含瘤种词(样本标题无特征),-,ZN-GBM1
GSE285544,200285544,1,Radiation-Induced Cellular Plasticity Primes Glioblastoma for Forskolin-Mediated,2024/12/30,Expression profiling by high throughput sequencing,0.0,Glioblastoma is the deadliest brain cancer in adults and all patients succumb to the tumor. While surgery followed by chemo-radiotherapy delays diseas,B,非目标瘤种/类型(细胞系/处理实验=1),细胞系/处理实验=1,"0Gy_DMSO_d21_1-3, 0Gy_Forskolin_d21_1-3, 4Gy_"
GSE285543,200285543,1,Radiation-Induced Cellular Plasticity Primes Glioblastoma for Forskolin-Mediated,2024/12/30,Expression profiling by high throughput sequencing,0.0,Glioblastoma is the deadliest brain cancer in adults and all patients succumb to the tumor. While surgery followed by chemo-radiotherapy delays diseas,B,非目标瘤种/类型(细胞系/处理实验=1),细胞系/处理实验=1,"0Gy_DMSO_d5_1-3, 0Gy_Forskolin_d5_1-3, 4Gy_DM"
GSE263685,200263685,1,Extreme structural heterogeneity rewires glioblastoma chromosomes to sustain pat,2024/04/11,Other,0.0,"Glioblastoma multiforme encompasses a range of brain malignancies marked by phenotypic and transcriptional heterogeneity, which is thought to render t",E2,非表达谱技术(非表达谱),-,G181-WGS
GSE234124,200234124,1,Rewiring of the promoter-enhancer interactome and regulatory landscape in gliobl,2023/09/12,Genome binding/occupancy profiling by high throughput sequen,0.0,"Glioblastoma (GBM) is the most aggressive of all primary brain tumours. Here, we perform a multi-omics approach to map the promoter-enhancer interacto",E2,非表达谱技术(非Expression类型;ChIP/结合),细胞系/处理实验=1,OPC cell line (ATACseq)
GSE180209,200180209,1,L1 chimeric transcripts are expressed in healthy brain and their deregulation in,2022/03/24,Expression profiling by high throughput sequencing,0.0,"Background: Besides the consequences of retrotransposition, long interspersed element 1 (L1) retrotransposons can affect the host genome though their ",B,非目标瘤种/类型(细胞系/处理实验=1),细胞系/处理实验=1,mRNA-seq: GSC2 NS
GSE29738,200029738,1,Identification of allele-specific alternative mRNA processing via transcriptome ,2012/03/30,Expression profiling by high throughput sequencing,100.0,"Establishing the functional roles of genetic variants remains a significant challenge in the post-genomic era. Here, we present a method, allele-speci",E,瘤种词100%但细胞系/处理主导(1),细胞系/处理实验=1,U87 glioblastoma cell line
